INSERT INTO public.activities (title) VALUES
	 ('ТОП 50 '),
	 ('Перспективные направления IT'),
	 ('Современные технологии'),
	 ('Что такое IOT?'),
	 ('Для чего это нужно?'),
	 ('Новые продукты и версии'),
	 ('Как составить план?'),
	 ('Что такое план?'),
	 ('Must Have 21 века'),
	 ('Управление знаниями');
INSERT INTO public.activities (title) VALUES
	 ('Коммуникативные неудачи'),
	 ('Дизайн-мышление'),
	 ('Технические собеседования'),
	 ('Исследование рынка'),
	 ('Подготовка специалистов'),
	 ('Секреты успеха'),
	 ('Способы поиска специалистов'),
	 ('Что нужно пользователям?'),
	 ('Осознанность личных целей'),
	 ('Soft skills');
INSERT INTO public.activities (title) VALUES
	 ('Развитие проактивности'),
	 ('Введение в IT-субкультуру'),
	 ('Основы ООП'),
	 ('Что нужно знать начинающему спецалисту'),
	 ('Идельный результат'),
	 ('Тайны и секреты'),
	 ('Какрой язык программирования выбрать?'),
	 ('Войти в ТОП'),
	 ('Секреты продвижения'),
	 ('Руководство проектами');
INSERT INTO public.cities (title) VALUES
	 ('Абаза'),
	 ('Абакан'),
	 ('Абдулино'),
	 ('Абинск'),
	 ('Агидель'),
	 ('Агрыз'),
	 ('Адыгейск'),
	 ('Азнакаево'),
	 ('Азов'),
	 ('Ак-Довурак');
INSERT INTO public.cities (title) VALUES
	 ('Аксай'),
	 ('Алагир'),
	 ('Алапаевск'),
	 ('Алатырь'),
	 ('Алдан'),
	 ('Алейск'),
	 ('Александров'),
	 ('Александровск'),
	 ('Александровск-Сахалинский'),
	 ('Алексеевка');
INSERT INTO public.cities (title) VALUES
	 ('Алексин'),
	 ('Алзамай'),
	 ('Алупкане призн.'),
	 ('Алуштане призн.'),
	 ('Альметьевск'),
	 ('Амурск'),
	 ('Анадырь'),
	 ('Анапа'),
	 ('Ангарск'),
	 ('Андреаполь');
INSERT INTO public.cities (title) VALUES
	 ('Анжеро-Судженск'),
	 ('Анива'),
	 ('Апатиты'),
	 ('Апрелевка'),
	 ('Апшеронск'),
	 ('Арамиль'),
	 ('Аргун'),
	 ('Ардатов'),
	 ('Ардон'),
	 ('Арзамас');
INSERT INTO public.cities (title) VALUES
	 ('Аркадак'),
	 ('Армавир'),
	 ('Армянскне призн.'),
	 ('Арсеньев'),
	 ('Арск'),
	 ('Артём'),
	 ('Артёмовск'),
	 ('Артёмовский'),
	 ('Архангельск'),
	 ('Асбест');
INSERT INTO public.cities (title) VALUES
	 ('Асино'),
	 ('Астрахань'),
	 ('Аткарск'),
	 ('Ахтубинск'),
	 ('Ачинск'),
	 ('Аша'),
	 ('Бабаево'),
	 ('Бабушкин'),
	 ('Бавлы'),
	 ('Багратионовск');
INSERT INTO public.cities (title) VALUES
	 ('Байкальск'),
	 ('Баймак'),
	 ('Бакал'),
	 ('Баксан'),
	 ('Балабаново'),
	 ('Балаково'),
	 ('Балахна'),
	 ('Балашиха'),
	 ('Балашов'),
	 ('Балей');
INSERT INTO public.cities (title) VALUES
	 ('Балтийск'),
	 ('Барабинск'),
	 ('Барнаул'),
	 ('Барыш'),
	 ('Батайск'),
	 ('Бахчисарайне призн.'),
	 ('Бежецк'),
	 ('Белая Калитва'),
	 ('Белая Холуница'),
	 ('Белгород');
INSERT INTO public.cities (title) VALUES
	 ('Белебей'),
	 ('Белёв'),
	 ('Белинский'),
	 ('Белово'),
	 ('Белогорск'),
	 ('Белогорскне призн.'),
	 ('Белозерск'),
	 ('Белокуриха'),
	 ('Беломорск'),
	 ('Белоозёрский');
INSERT INTO public.cities (title) VALUES
	 ('Белорецк'),
	 ('Белореченск'),
	 ('Белоусово'),
	 ('Белоярский'),
	 ('Белый'),
	 ('Бердск'),
	 ('Березники'),
	 ('Берёзовский'),
	 ('Берёзовский'),
	 ('Беслан');
INSERT INTO public.cities (title) VALUES
	 ('Бийск'),
	 ('Бикин'),
	 ('Билибино'),
	 ('Биробиджан'),
	 ('Бирск'),
	 ('Бирюсинск'),
	 ('Бирюч'),
	 ('Благовещенск'),
	 ('Благовещенск'),
	 ('Благодарный');
INSERT INTO public.cities (title) VALUES
	 ('Бобров'),
	 ('Богданович'),
	 ('Богородицк'),
	 ('Богородск'),
	 ('Боготол'),
	 ('Богучар'),
	 ('Бодайбо'),
	 ('Бокситогорск'),
	 ('Болгар'),
	 ('Бологое');
INSERT INTO public.cities (title) VALUES
	 ('Болотное'),
	 ('Болохово'),
	 ('Болхов'),
	 ('Большой Камень'),
	 ('Бор'),
	 ('Борзя'),
	 ('Борисоглебск'),
	 ('Боровичи'),
	 ('Боровск'),
	 ('Бородино');
INSERT INTO public.cities (title) VALUES
	 ('Братск'),
	 ('Бронницы'),
	 ('Брянск'),
	 ('Бугульма'),
	 ('Бугуруслан'),
	 ('Будённовск'),
	 ('Бузулук'),
	 ('Буинск'),
	 ('Буй'),
	 ('Буйнакск');
INSERT INTO public.cities (title) VALUES
	 ('Бутурлиновка'),
	 ('Валдай'),
	 ('Валуйки'),
	 ('Велиж'),
	 ('Великие Луки'),
	 ('Великий Новгород'),
	 ('Великий Устюг'),
	 ('Вельск'),
	 ('Венёв'),
	 ('Верещагино');
INSERT INTO public.cities (title) VALUES
	 ('Верея'),
	 ('Верхнеуральск'),
	 ('Верхний Тагил'),
	 ('Верхний Уфалей'),
	 ('Верхняя Пышма'),
	 ('Верхняя Салда'),
	 ('Верхняя Тура'),
	 ('Верхотурье'),
	 ('Верхоянск'),
	 ('Весьегонск');
INSERT INTO public.cities (title) VALUES
	 ('Ветлуга'),
	 ('Видное'),
	 ('Вилюйск'),
	 ('Вилючинск'),
	 ('Вихоревка'),
	 ('Вичуга'),
	 ('Владивосток'),
	 ('Владикавказ'),
	 ('Владимир'),
	 ('Волгоград');
INSERT INTO public.cities (title) VALUES
	 ('Волгодонск'),
	 ('Волгореченск'),
	 ('Волжск'),
	 ('Волжский'),
	 ('Вологда'),
	 ('Володарск'),
	 ('Волоколамск'),
	 ('Волосово'),
	 ('Волхов'),
	 ('Волчанск');
INSERT INTO public.cities (title) VALUES
	 ('Вольск'),
	 ('Воркута'),
	 ('Воронеж'),
	 ('Ворсма'),
	 ('Воскресенск'),
	 ('Воткинск'),
	 ('Всеволожск'),
	 ('Вуктыл'),
	 ('Выборг'),
	 ('Выкса');
INSERT INTO public.cities (title) VALUES
	 ('Высоковск'),
	 ('Высоцк'),
	 ('Вытегра'),
	 ('Вышний Волочёк'),
	 ('Вяземский'),
	 ('Вязники'),
	 ('Вязьма'),
	 ('Вятские Поляны'),
	 ('Гаврилов Посад'),
	 ('Гаврилов-Ям');
INSERT INTO public.cities (title) VALUES
	 ('Гагарин'),
	 ('Гаджиево'),
	 ('Гай'),
	 ('Галич'),
	 ('Гатчина'),
	 ('Гвардейск'),
	 ('Гдов'),
	 ('Геленджик'),
	 ('Георгиевск'),
	 ('Глазов');
INSERT INTO public.cities (title) VALUES
	 ('Голицыно'),
	 ('Горбатов'),
	 ('Горно-Алтайск'),
	 ('Горнозаводск'),
	 ('Горняк'),
	 ('Городец'),
	 ('Городище'),
	 ('Городовиковск'),
	 ('Гороховец'),
	 ('Горячий Ключ');
INSERT INTO public.cities (title) VALUES
	 ('Грайворон'),
	 ('Гремячинск'),
	 ('Грозный'),
	 ('Грязи'),
	 ('Грязовец'),
	 ('Губаха'),
	 ('Губкин'),
	 ('Губкинский'),
	 ('Гудермес'),
	 ('Гуково');
INSERT INTO public.cities (title) VALUES
	 ('Гулькевичи'),
	 ('Гурьевск'),
	 ('Гурьевск'),
	 ('Гусев'),
	 ('Гусиноозёрск'),
	 ('Гусь-Хрустальный'),
	 ('Давлеканово'),
	 ('Дагестанские Огни'),
	 ('Далматово'),
	 ('Дальнегорск');
INSERT INTO public.cities (title) VALUES
	 ('Дальнереченск'),
	 ('Данилов'),
	 ('Данков'),
	 ('Дегтярск'),
	 ('Дедовск'),
	 ('Демидов'),
	 ('Дербент'),
	 ('Десногорск'),
	 ('Джанкойне призн.'),
	 ('Дзержинск');
INSERT INTO public.cities (title) VALUES
	 ('Дзержинский'),
	 ('Дивногорск'),
	 ('Дигора'),
	 ('Димитровград'),
	 ('Дмитриев'),
	 ('Дмитров'),
	 ('Дмитровск'),
	 ('Дно'),
	 ('Добрянка'),
	 ('Долгопрудный');
INSERT INTO public.cities (title) VALUES
	 ('Долинск'),
	 ('Домодедово'),
	 ('Донецк'),
	 ('Донской'),
	 ('Дорогобуж'),
	 ('Дрезна'),
	 ('Дубна'),
	 ('Дубовка'),
	 ('Дудинка'),
	 ('Духовщина');
INSERT INTO public.cities (title) VALUES
	 ('Дюртюли'),
	 ('Дятьково'),
	 ('Евпаторияне призн.'),
	 ('Егорьевск'),
	 ('Ейск'),
	 ('Екатеринбург'),
	 ('Елабуга'),
	 ('Елец'),
	 ('Елизово'),
	 ('Ельня');
INSERT INTO public.cities (title) VALUES
	 ('Еманжелинск'),
	 ('Емва'),
	 ('Енисейск'),
	 ('Ермолино'),
	 ('Ершов'),
	 ('Ессентуки'),
	 ('Ефремов'),
	 ('Железноводск'),
	 ('Железногорск'),
	 ('Железногорск');
INSERT INTO public.cities (title) VALUES
	 ('Железногорск-Илимский'),
	 ('Жердевка'),
	 ('Жигулёвск'),
	 ('Жиздра'),
	 ('Жирновск'),
	 ('Жуков'),
	 ('Жуковка'),
	 ('Жуковский'),
	 ('Завитинск'),
	 ('Заводоуковск');
INSERT INTO public.cities (title) VALUES
	 ('Заволжск'),
	 ('Заволжье'),
	 ('Задонск'),
	 ('Заинск'),
	 ('Закаменск'),
	 ('Заозёрный'),
	 ('Заозёрск'),
	 ('Западная Двина'),
	 ('Заполярный'),
	 ('Зарайск');
INSERT INTO public.cities (title) VALUES
	 ('Заречный'),
	 ('Заречный'),
	 ('Заринск'),
	 ('Звенигово'),
	 ('Звенигород'),
	 ('Зверево'),
	 ('Зеленогорск'),
	 ('Зеленоградск'),
	 ('Зеленодольск'),
	 ('Зеленокумск');
INSERT INTO public.cities (title) VALUES
	 ('Зерноград'),
	 ('Зея'),
	 ('Зима'),
	 ('Златоуст'),
	 ('Злынка'),
	 ('Змеиногорск'),
	 ('Знаменск'),
	 ('Зубцов'),
	 ('Зуевка'),
	 ('Ивангород');
INSERT INTO public.cities (title) VALUES
	 ('Иваново'),
	 ('Ивантеевка'),
	 ('Ивдель'),
	 ('Игарка'),
	 ('Ижевск'),
	 ('Избербаш'),
	 ('Изобильный'),
	 ('Иланский'),
	 ('Инза'),
	 ('Иннополис');
INSERT INTO public.cities (title) VALUES
	 ('Инсар'),
	 ('Инта'),
	 ('Ипатово'),
	 ('Ирбит'),
	 ('Иркутск'),
	 ('Исилькуль'),
	 ('Искитим'),
	 ('Истра'),
	 ('Ишим'),
	 ('Ишимбай');
INSERT INTO public.cities (title) VALUES
	 ('Йошкар-Ола'),
	 ('Кадников'),
	 ('Казань'),
	 ('Калач'),
	 ('Калач-на-Дону'),
	 ('Калачинск'),
	 ('Калининград'),
	 ('Калининск'),
	 ('Калтан'),
	 ('Калуга');
INSERT INTO public.cities (title) VALUES
	 ('Калязин'),
	 ('Камбарка'),
	 ('Каменка'),
	 ('Каменногорск'),
	 ('Каменск-Уральский'),
	 ('Каменск-Шахтинский'),
	 ('Камень-на-Оби'),
	 ('Камешково'),
	 ('Камызяк'),
	 ('Камышин');
INSERT INTO public.cities (title) VALUES
	 ('Камышлов'),
	 ('Канаш'),
	 ('Кандалакша'),
	 ('Канск'),
	 ('Карабаново'),
	 ('Карабаш'),
	 ('Карабулак'),
	 ('Карасук'),
	 ('Карачаевск'),
	 ('Карачев');
INSERT INTO public.cities (title) VALUES
	 ('Каргат'),
	 ('Каргополь'),
	 ('Карпинск'),
	 ('Карталы'),
	 ('Касимов'),
	 ('Касли'),
	 ('Каспийск'),
	 ('Катав-Ивановск'),
	 ('Катайск'),
	 ('Качканар');
INSERT INTO public.cities (title) VALUES
	 ('Кашин'),
	 ('Кашира'),
	 ('Кедровый'),
	 ('Кемерово'),
	 ('Кемь'),
	 ('Керчьне призн.'),
	 ('Кизел'),
	 ('Кизилюрт'),
	 ('Кизляр'),
	 ('Кимовск');
INSERT INTO public.cities (title) VALUES
	 ('Кимры'),
	 ('Кингисепп'),
	 ('Кинель'),
	 ('Кинешма'),
	 ('Киреевск'),
	 ('Киренск'),
	 ('Киржач'),
	 ('Кириллов'),
	 ('Кириши'),
	 ('Киров');
INSERT INTO public.cities (title) VALUES
	 ('Киров'),
	 ('Кировград'),
	 ('Кирово-Чепецк'),
	 ('Кировск'),
	 ('Кировск'),
	 ('Кирс'),
	 ('Кирсанов'),
	 ('Киселёвск'),
	 ('Кисловодск'),
	 ('Клин');
INSERT INTO public.cities (title) VALUES
	 ('Клинцы'),
	 ('Княгинино'),
	 ('Ковдор'),
	 ('Ковров'),
	 ('Ковылкино'),
	 ('Когалым'),
	 ('Кодинск'),
	 ('Козельск'),
	 ('Козловка'),
	 ('Козьмодемьянск');
INSERT INTO public.cities (title) VALUES
	 ('Кола'),
	 ('Кологрив'),
	 ('Коломна'),
	 ('Колпашево'),
	 ('Кольчугино'),
	 ('Коммунар'),
	 ('Комсомольск'),
	 ('Комсомольск-на-Амуре'),
	 ('Конаково'),
	 ('Кондопога');
INSERT INTO public.cities (title) VALUES
	 ('Кондрово'),
	 ('Константиновск'),
	 ('Копейск'),
	 ('Кораблино'),
	 ('Кореновск'),
	 ('Коркино'),
	 ('Королёв'),
	 ('Короча'),
	 ('Корсаков'),
	 ('Коряжма');
INSERT INTO public.cities (title) VALUES
	 ('Костерёво'),
	 ('Костомукша'),
	 ('Кострома'),
	 ('Котельники'),
	 ('Котельниково'),
	 ('Котельнич'),
	 ('Котлас'),
	 ('Котово'),
	 ('Котовск'),
	 ('Кохма');
INSERT INTO public.cities (title) VALUES
	 ('Красавино'),
	 ('Красноармейск'),
	 ('Красноармейск'),
	 ('Красновишерск'),
	 ('Красногорск'),
	 ('Краснодар'),
	 ('Краснозаводск'),
	 ('Краснознаменск'),
	 ('Краснознаменск'),
	 ('Краснокаменск');
INSERT INTO public.cities (title) VALUES
	 ('Краснокамск'),
	 ('Красноперекопскне призн.'),
	 ('Краснослободск'),
	 ('Краснослободск'),
	 ('Краснотурьинск'),
	 ('Красноуральск'),
	 ('Красноуфимск'),
	 ('Красноярск'),
	 ('Красный Кут'),
	 ('Красный Сулин');
INSERT INTO public.cities (title) VALUES
	 ('Красный Холм'),
	 ('Кремёнки'),
	 ('Кропоткин'),
	 ('Крымск'),
	 ('Кстово'),
	 ('Кубинка'),
	 ('Кувандык'),
	 ('Кувшиново'),
	 ('Кудрово'),
	 ('Кудымкар');
INSERT INTO public.cities (title) VALUES
	 ('Кузнецк'),
	 ('Куйбышев'),
	 ('Кукмор'),
	 ('Кулебаки'),
	 ('Кумертау'),
	 ('Кунгур'),
	 ('Купино'),
	 ('Курган'),
	 ('Курганинск'),
	 ('Курильск');
INSERT INTO public.cities (title) VALUES
	 ('Курлово'),
	 ('Куровское'),
	 ('Курск'),
	 ('Куртамыш'),
	 ('Курчалой'),
	 ('Курчатов'),
	 ('Куса'),
	 ('Кушва'),
	 ('Кызыл'),
	 ('Кыштым');
INSERT INTO public.cities (title) VALUES
	 ('Кяхта'),
	 ('Лабинск'),
	 ('Лабытнанги'),
	 ('Лагань'),
	 ('Ладушкин'),
	 ('Лаишево'),
	 ('Лакинск'),
	 ('Лангепас'),
	 ('Лахденпохья'),
	 ('Лебедянь');
INSERT INTO public.cities (title) VALUES
	 ('Лениногорск'),
	 ('Ленинск'),
	 ('Ленинск-Кузнецкий'),
	 ('Ленск'),
	 ('Лермонтов'),
	 ('Лесной'),
	 ('Лесозаводск'),
	 ('Лесосибирск'),
	 ('Ливны'),
	 ('Ликино-Дулёво');
INSERT INTO public.cities (title) VALUES
	 ('Липецк'),
	 ('Липки'),
	 ('Лиски'),
	 ('Лихославль'),
	 ('Лобня'),
	 ('Лодейное Поле'),
	 ('Лосино-Петровский'),
	 ('Луга'),
	 ('Луза'),
	 ('Лукоянов');
INSERT INTO public.cities (title) VALUES
	 ('Луховицы'),
	 ('Лысково'),
	 ('Лысьва'),
	 ('Лыткарино'),
	 ('Льгов'),
	 ('Любань'),
	 ('Люберцы'),
	 ('Любим'),
	 ('Людиново'),
	 ('Лянтор');
INSERT INTO public.cities (title) VALUES
	 ('Магадан'),
	 ('Магас'),
	 ('Магнитогорск'),
	 ('Майкоп'),
	 ('Майский'),
	 ('Макаров'),
	 ('Макарьев'),
	 ('Макушино'),
	 ('Малая Вишера'),
	 ('Малгобек');
INSERT INTO public.cities (title) VALUES
	 ('Малмыж'),
	 ('Малоархангельск'),
	 ('Малоярославец'),
	 ('Мамадыш'),
	 ('Мамоново'),
	 ('Мантурово'),
	 ('Мариинск'),
	 ('Мариинский Посад'),
	 ('Маркс'),
	 ('Махачкала');
INSERT INTO public.cities (title) VALUES
	 ('Мглин'),
	 ('Мегион'),
	 ('Медвежьегорск'),
	 ('Медногорск'),
	 ('Медынь'),
	 ('Межгорье'),
	 ('Междуреченск'),
	 ('Мезень'),
	 ('Меленки'),
	 ('Мелеуз');
INSERT INTO public.cities (title) VALUES
	 ('Менделеевск'),
	 ('Мензелинск'),
	 ('Мещовск'),
	 ('Миасс'),
	 ('Микунь'),
	 ('Миллерово'),
	 ('Минеральные Воды'),
	 ('Минусинск'),
	 ('Миньяр'),
	 ('Мирный');
INSERT INTO public.cities (title) VALUES
	 ('Мирный'),
	 ('Михайлов'),
	 ('Михайловка'),
	 ('Михайловск'),
	 ('Михайловск'),
	 ('Мичуринск'),
	 ('Могоча'),
	 ('Можайск'),
	 ('Можга'),
	 ('Моздок');
INSERT INTO public.cities (title) VALUES
	 ('Мончегорск'),
	 ('Морозовск'),
	 ('Моршанск'),
	 ('Мосальск'),
	 ('Москва'),
	 ('Муравленко'),
	 ('Мураши'),
	 ('Мурино'),
	 ('Мурманск'),
	 ('Муром');
INSERT INTO public.cities (title) VALUES
	 ('Мценск'),
	 ('Мыски'),
	 ('Мытищи'),
	 ('Мышкин'),
	 ('Набережные Челны'),
	 ('Навашино'),
	 ('Наволоки'),
	 ('Надым'),
	 ('Назарово'),
	 ('Назрань');
INSERT INTO public.cities (title) VALUES
	 ('Называевск'),
	 ('Нальчик'),
	 ('Нариманов'),
	 ('Наро-Фоминск'),
	 ('Нарткала'),
	 ('Нарьян-Мар'),
	 ('Находка'),
	 ('Невель'),
	 ('Невельск'),
	 ('Невинномысск');
INSERT INTO public.cities (title) VALUES
	 ('Невьянск'),
	 ('Нелидово'),
	 ('Неман'),
	 ('Нерехта'),
	 ('Нерчинск'),
	 ('Нерюнгри'),
	 ('Нестеров'),
	 ('Нефтегорск'),
	 ('Нефтекамск'),
	 ('Нефтекумск');
INSERT INTO public.cities (title) VALUES
	 ('Нефтеюганск'),
	 ('Нея'),
	 ('Нижневартовск'),
	 ('Нижнекамск'),
	 ('Нижнеудинск'),
	 ('Нижние Серги'),
	 ('Нижний Ломов'),
	 ('Нижний Новгород'),
	 ('Нижний Тагил'),
	 ('Нижняя Салда');
INSERT INTO public.cities (title) VALUES
	 ('Нижняя Тура'),
	 ('Николаевск'),
	 ('Николаевск-на-Амуре'),
	 ('Никольск'),
	 ('Никольск'),
	 ('Никольское'),
	 ('Новая Ладога'),
	 ('Новая Ляля'),
	 ('Новоалександровск'),
	 ('Новоалтайск');
INSERT INTO public.cities (title) VALUES
	 ('Новоаннинский'),
	 ('Нововоронеж'),
	 ('Новодвинск'),
	 ('Новозыбков'),
	 ('Новокубанск'),
	 ('Новокузнецк'),
	 ('Новокуйбышевск'),
	 ('Новомичуринск'),
	 ('Новомосковск'),
	 ('Новопавловск');
INSERT INTO public.cities (title) VALUES
	 ('Новоржев'),
	 ('Новороссийск'),
	 ('Новосибирск'),
	 ('Новосиль'),
	 ('Новосокольники'),
	 ('Новотроицк'),
	 ('Новоузенск'),
	 ('Новоульяновск'),
	 ('Новоуральск'),
	 ('Новохопёрск');
INSERT INTO public.cities (title) VALUES
	 ('Новочебоксарск'),
	 ('Новочеркасск'),
	 ('Новошахтинск'),
	 ('Новый Оскол'),
	 ('Новый Уренгой'),
	 ('Ногинск'),
	 ('Нолинск'),
	 ('Норильск'),
	 ('Ноябрьск'),
	 ('Нурлат');
INSERT INTO public.cities (title) VALUES
	 ('Нытва'),
	 ('Нюрба'),
	 ('Нягань'),
	 ('Нязепетровск'),
	 ('Няндома'),
	 ('Облучье'),
	 ('Обнинск'),
	 ('Обоянь'),
	 ('Обь'),
	 ('Одинцово');
INSERT INTO public.cities (title) VALUES
	 ('Озёрск'),
	 ('Озёрск'),
	 ('Озёры'),
	 ('Октябрьск'),
	 ('Октябрьский'),
	 ('Окуловка'),
	 ('Олёкминск'),
	 ('Оленегорск'),
	 ('Олонец'),
	 ('Омск');
INSERT INTO public.cities (title) VALUES
	 ('Омутнинск'),
	 ('Онега'),
	 ('Опочка'),
	 ('Орёл'),
	 ('Оренбург'),
	 ('Орехово-Зуево'),
	 ('Орлов'),
	 ('Орск'),
	 ('Оса'),
	 ('Осинники');
INSERT INTO public.cities (title) VALUES
	 ('Осташков'),
	 ('Остров'),
	 ('Островной'),
	 ('Острогожск'),
	 ('Отрадное'),
	 ('Отрадный'),
	 ('Оха'),
	 ('Оханск'),
	 ('Очёр'),
	 ('Павлово');
INSERT INTO public.cities (title) VALUES
	 ('Павловск'),
	 ('Павловский Посад'),
	 ('Палласовка'),
	 ('Партизанск'),
	 ('Певек'),
	 ('Пенза'),
	 ('Первомайск'),
	 ('Первоуральск'),
	 ('Перевоз'),
	 ('Пересвет');
INSERT INTO public.cities (title) VALUES
	 ('Переславль-Залесский'),
	 ('Пермь'),
	 ('Пестово'),
	 ('Петров Вал'),
	 ('Петровск'),
	 ('Петровск-Забайкальский'),
	 ('Петрозаводск'),
	 ('Петропавловск-Камчатский'),
	 ('Петухово'),
	 ('Петушки');
INSERT INTO public.cities (title) VALUES
	 ('Печора'),
	 ('Печоры'),
	 ('Пикалёво'),
	 ('Пионерский'),
	 ('Питкяранта'),
	 ('Плавск'),
	 ('Пласт'),
	 ('Плёс'),
	 ('Поворино'),
	 ('Подольск');
INSERT INTO public.cities (title) VALUES
	 ('Подпорожье'),
	 ('Покачи'),
	 ('Покров'),
	 ('Покровск'),
	 ('Полевской'),
	 ('Полесск'),
	 ('Полысаево'),
	 ('Полярные Зори'),
	 ('Полярный'),
	 ('Поронайск');
INSERT INTO public.cities (title) VALUES
	 ('Порхов'),
	 ('Похвистнево'),
	 ('Почеп'),
	 ('Починок'),
	 ('Пошехонье'),
	 ('Правдинск'),
	 ('Приволжск'),
	 ('Приморск'),
	 ('Приморск'),
	 ('Приморско-Ахтарск');
INSERT INTO public.cities (title) VALUES
	 ('Приозерск'),
	 ('Прокопьевск'),
	 ('Пролетарск'),
	 ('Протвино'),
	 ('Прохладный'),
	 ('Псков'),
	 ('Пугачёв'),
	 ('Пудож'),
	 ('Пустошка'),
	 ('Пучеж');
INSERT INTO public.cities (title) VALUES
	 ('Пушкино'),
	 ('Пущино'),
	 ('Пыталово'),
	 ('Пыть-Ях'),
	 ('Пятигорск'),
	 ('Радужный'),
	 ('Радужный'),
	 ('Райчихинск'),
	 ('Раменское'),
	 ('Рассказово');
INSERT INTO public.cities (title) VALUES
	 ('Ревда'),
	 ('Реж'),
	 ('Реутов'),
	 ('Ржев'),
	 ('Родники'),
	 ('Рославль'),
	 ('Россошь'),
	 ('Ростов-на-Дону'),
	 ('Ростов'),
	 ('Рошаль');
INSERT INTO public.cities (title) VALUES
	 ('Ртищево'),
	 ('Рубцовск'),
	 ('Рудня'),
	 ('Руза'),
	 ('Рузаевка'),
	 ('Рыбинск'),
	 ('Рыбное'),
	 ('Рыльск'),
	 ('Ряжск'),
	 ('Рязань');
INSERT INTO public.cities (title) VALUES
	 ('Сакине призн.'),
	 ('Салават'),
	 ('Салаир'),
	 ('Салехард'),
	 ('Сальск'),
	 ('Самара'),
	 ('Санкт-Петербург'),
	 ('Саранск'),
	 ('Сарапул'),
	 ('Саратов');
INSERT INTO public.cities (title) VALUES
	 ('Саров'),
	 ('Сасово'),
	 ('Сатка'),
	 ('Сафоново'),
	 ('Саяногорск'),
	 ('Саянск'),
	 ('Светлогорск'),
	 ('Светлоград'),
	 ('Светлый'),
	 ('Светогорск');
INSERT INTO public.cities (title) VALUES
	 ('Свирск'),
	 ('Свободный'),
	 ('Себеж'),
	 ('Севастопольне призн.'),
	 ('Северо-Курильск'),
	 ('Северобайкальск'),
	 ('Северодвинск'),
	 ('Североморск'),
	 ('Североуральск'),
	 ('Северск');
INSERT INTO public.cities (title) VALUES
	 ('Севск'),
	 ('Сегежа'),
	 ('Сельцо'),
	 ('Семёнов'),
	 ('Семикаракорск'),
	 ('Семилуки'),
	 ('Сенгилей'),
	 ('Серафимович'),
	 ('Сергач'),
	 ('Сергиев Посад');
INSERT INTO public.cities (title) VALUES
	 ('Сердобск'),
	 ('Серов'),
	 ('Серпухов'),
	 ('Сертолово'),
	 ('Сибай'),
	 ('Сим'),
	 ('Симферопольне призн.'),
	 ('Сковородино'),
	 ('Скопин'),
	 ('Славгород');
INSERT INTO public.cities (title) VALUES
	 ('Славск'),
	 ('Славянск-на-Кубани'),
	 ('Сланцы'),
	 ('Слободской'),
	 ('Слюдянка'),
	 ('Смоленск'),
	 ('Снежинск'),
	 ('Снежногорск'),
	 ('Собинка'),
	 ('Советск');
INSERT INTO public.cities (title) VALUES
	 ('Советск'),
	 ('Советск'),
	 ('Советская Гавань'),
	 ('Советский'),
	 ('Сокол'),
	 ('Солигалич'),
	 ('Соликамск'),
	 ('Солнечногорск'),
	 ('Соль-Илецк'),
	 ('Сольвычегодск');
INSERT INTO public.cities (title) VALUES
	 ('Сольцы'),
	 ('Сорочинск'),
	 ('Сорск'),
	 ('Сортавала'),
	 ('Сосенский'),
	 ('Сосновка'),
	 ('Сосновоборск'),
	 ('Сосновый Бор'),
	 ('Сосногорск'),
	 ('Сочи');
INSERT INTO public.cities (title) VALUES
	 ('Спас-Деменск'),
	 ('Спас-Клепики'),
	 ('Спасск'),
	 ('Спасск-Дальний'),
	 ('Спасск-Рязанский'),
	 ('Среднеколымск'),
	 ('Среднеуральск'),
	 ('Сретенск'),
	 ('Ставрополь'),
	 ('Старая Купавна');
INSERT INTO public.cities (title) VALUES
	 ('Старая Русса'),
	 ('Старица'),
	 ('Стародуб'),
	 ('Старый Крымне призн.'),
	 ('Старый Оскол'),
	 ('Стерлитамак'),
	 ('Стрежевой'),
	 ('Строитель'),
	 ('Струнино'),
	 ('Ступино');
INSERT INTO public.cities (title) VALUES
	 ('Суворов'),
	 ('Судакне призн.'),
	 ('Суджа'),
	 ('Судогда'),
	 ('Суздаль'),
	 ('Сунжа'),
	 ('Суоярви'),
	 ('Сураж'),
	 ('Сургут'),
	 ('Суровикино');
INSERT INTO public.cities (title) VALUES
	 ('Сурск'),
	 ('Сусуман'),
	 ('Сухиничи'),
	 ('Сухой Лог'),
	 ('Сызрань'),
	 ('Сыктывкар'),
	 ('Сысерть'),
	 ('Сычёвка'),
	 ('Сясьстрой'),
	 ('Тавда');
INSERT INTO public.cities (title) VALUES
	 ('Таганрог'),
	 ('Тайга'),
	 ('Тайшет'),
	 ('Талдом'),
	 ('Талица'),
	 ('Тамбов'),
	 ('Тара'),
	 ('Тарко-Сале'),
	 ('Таруса'),
	 ('Татарск');
INSERT INTO public.cities (title) VALUES
	 ('Таштагол'),
	 ('Тверь'),
	 ('Теберда'),
	 ('Тейково'),
	 ('Темников'),
	 ('Темрюк'),
	 ('Терек'),
	 ('Тетюши'),
	 ('Тимашёвск'),
	 ('Тихвин');
INSERT INTO public.cities (title) VALUES
	 ('Тихорецк'),
	 ('Тобольск'),
	 ('Тогучин'),
	 ('Тольятти'),
	 ('Томари'),
	 ('Томмот'),
	 ('Томск'),
	 ('Топки'),
	 ('Торжок'),
	 ('Торопец');
INSERT INTO public.cities (title) VALUES
	 ('Тосно'),
	 ('Тотьма'),
	 ('Трёхгорный'),
	 ('Троицк'),
	 ('Трубчевск'),
	 ('Туапсе'),
	 ('Туймазы'),
	 ('Тула'),
	 ('Тулун'),
	 ('Туран');
INSERT INTO public.cities (title) VALUES
	 ('Туринск'),
	 ('Тутаев'),
	 ('Тында'),
	 ('Тырныауз'),
	 ('Тюкалинск'),
	 ('Тюмень'),
	 ('Уварово'),
	 ('Углегорск'),
	 ('Углич'),
	 ('Удачный');
INSERT INTO public.cities (title) VALUES
	 ('Удомля'),
	 ('Ужур'),
	 ('Узловая'),
	 ('Улан-Удэ'),
	 ('Ульяновск'),
	 ('Унеча'),
	 ('Урай'),
	 ('Урень'),
	 ('Уржум'),
	 ('Урус-Мартан');
INSERT INTO public.cities (title) VALUES
	 ('Урюпинск'),
	 ('Усинск'),
	 ('Усмань'),
	 ('Усолье-Сибирское'),
	 ('Усолье'),
	 ('Уссурийск'),
	 ('Усть-Джегута'),
	 ('Усть-Илимск'),
	 ('Усть-Катав'),
	 ('Усть-Кут');
INSERT INTO public.cities (title) VALUES
	 ('Усть-Лабинск'),
	 ('Устюжна'),
	 ('Уфа'),
	 ('Ухта'),
	 ('Учалы'),
	 ('Уяр'),
	 ('Фатеж'),
	 ('Феодосияне призн.'),
	 ('Фокино'),
	 ('Фокино');
INSERT INTO public.cities (title) VALUES
	 ('Фролово'),
	 ('Фрязино'),
	 ('Фурманов'),
	 ('Хабаровск'),
	 ('Хадыженск'),
	 ('Ханты-Мансийск'),
	 ('Харабали'),
	 ('Харовск'),
	 ('Хасавюрт'),
	 ('Хвалынск');
INSERT INTO public.cities (title) VALUES
	 ('Хилок'),
	 ('Химки'),
	 ('Холм'),
	 ('Холмск'),
	 ('Хотьково'),
	 ('Цивильск'),
	 ('Цимлянск'),
	 ('Циолковский'),
	 ('Чадан'),
	 ('Чайковский');
INSERT INTO public.cities (title) VALUES
	 ('Чапаевск'),
	 ('Чаплыгин'),
	 ('Чебаркуль'),
	 ('Чебоксары'),
	 ('Чегем'),
	 ('Чекалин'),
	 ('Челябинск'),
	 ('Чердынь'),
	 ('Черемхово'),
	 ('Черепаново');
INSERT INTO public.cities (title) VALUES
	 ('Череповец'),
	 ('Черкесск'),
	 ('Чёрмоз'),
	 ('Черноголовка'),
	 ('Черногорск'),
	 ('Чернушка'),
	 ('Черняховск'),
	 ('Чехов'),
	 ('Чистополь'),
	 ('Чита');
INSERT INTO public.cities (title) VALUES
	 ('Чкаловск'),
	 ('Чудово'),
	 ('Чулым'),
	 ('Чусовой'),
	 ('Чухлома'),
	 ('Шагонар'),
	 ('Шадринск'),
	 ('Шали'),
	 ('Шарыпово'),
	 ('Шарья');
INSERT INTO public.cities (title) VALUES
	 ('Шатура'),
	 ('Шахты'),
	 ('Шахунья'),
	 ('Шацк'),
	 ('Шебекино'),
	 ('Шелехов'),
	 ('Шенкурск'),
	 ('Шилка'),
	 ('Шимановск'),
	 ('Шиханы');
INSERT INTO public.cities (title) VALUES
	 ('Шлиссельбург'),
	 ('Шумерля'),
	 ('Шумиха'),
	 ('Шуя'),
	 ('Щёкино'),
	 ('Щёлкиноне призн.'),
	 ('Щёлково'),
	 ('Щигры'),
	 ('Щучье'),
	 ('Электрогорск');
INSERT INTO public.cities (title) VALUES
	 ('Электросталь'),
	 ('Электроугли'),
	 ('Элиста'),
	 ('Энгельс'),
	 ('Эртиль'),
	 ('Югорск'),
	 ('Южа'),
	 ('Южно-Сахалинск'),
	 ('Южно-Сухокумск'),
	 ('Южноуральск');
INSERT INTO public.cities (title) VALUES
	 ('Юрга'),
	 ('Юрьев-Польский'),
	 ('Юрьевец'),
	 ('Юрюзань'),
	 ('Юхнов'),
	 ('Ядрин'),
	 ('Якутск'),
	 ('Ялтане призн.'),
	 ('Ялуторовск'),
	 ('Янаул');
INSERT INTO public.cities (title) VALUES
	 ('Яранск'),
	 ('Яровое'),
	 ('Ярославль'),
	 ('Ярцево'),
	 ('Ясногорск'),
	 ('Ясный'),
	 ('Яхрома');
INSERT INTO public.cities_images (id_city,id_image) VALUES
	 (1,1),
	 (2,2),
	 (4,3),
	 (4,4),
	 (6,5),
	 (7,6),
	 (7,7),
	 (8,8),
	 (10,9),
	 (11,10);
INSERT INTO public.cities_images (id_city,id_image) VALUES
	 (13,11),
	 (14,12),
	 (16,13),
	 (17,14),
	 (19,15),
	 (21,16),
	 (22,17),
	 (23,18),
	 (25,19),
	 (26,20);
INSERT INTO public.cities_images (id_city,id_image) VALUES
	 (27,21),
	 (28,22),
	 (29,23),
	 (30,24),
	 (31,25),
	 (32,26),
	 (32,27),
	 (33,28),
	 (34,29),
	 (35,30);
INSERT INTO public.cities_images (id_city,id_image) VALUES
	 (36,31),
	 (37,32),
	 (37,33),
	 (39,34),
	 (40,35),
	 (41,36),
	 (42,37),
	 (42,38),
	 (43,39),
	 (45,40);
INSERT INTO public.cities_images (id_city,id_image) VALUES
	 (46,41),
	 (47,42),
	 (49,43),
	 (50,44),
	 (52,45),
	 (53,46),
	 (55,47),
	 (56,48),
	 (58,49),
	 (58,50);
INSERT INTO public.cities_images (id_city,id_image) VALUES
	 (58,51),
	 (59,52),
	 (60,53),
	 (62,54),
	 (63,55),
	 (64,56),
	 (64,57),
	 (66,58),
	 (67,59),
	 (69,60);
INSERT INTO public.cities_images (id_city,id_image) VALUES
	 (70,61),
	 (72,62),
	 (73,63),
	 (75,64),
	 (76,65),
	 (78,66),
	 (79,67),
	 (81,68),
	 (82,69),
	 (83,70);
INSERT INTO public.cities_images (id_city,id_image) VALUES
	 (85,71),
	 (85,72),
	 (85,73),
	 (85,74),
	 (86,75),
	 (87,76),
	 (88,77),
	 (90,78),
	 (91,79),
	 (92,80);
INSERT INTO public.cities_images (id_city,id_image) VALUES
	 (94,81),
	 (95,82),
	 (96,83),
	 (96,84),
	 (97,85),
	 (98,86),
	 (99,87),
	 (100,88),
	 (101,89),
	 (103,90);
INSERT INTO public.cities_images (id_city,id_image) VALUES
	 (104,91),
	 (106,92),
	 (107,93),
	 (107,94),
	 (109,95),
	 (110,96),
	 (111,97),
	 (112,98),
	 (114,99),
	 (115,100);
INSERT INTO public.cities_images (id_city,id_image) VALUES
	 (116,101),
	 (117,102),
	 (118,103),
	 (119,104),
	 (119,105),
	 (120,106),
	 (121,107),
	 (123,108),
	 (124,109),
	 (126,110);
INSERT INTO public.cities_images (id_city,id_image) VALUES
	 (127,111),
	 (129,112),
	 (130,113),
	 (132,114),
	 (133,115),
	 (134,116),
	 (135,117),
	 (136,118),
	 (136,119),
	 (138,120);
INSERT INTO public.cities_images (id_city,id_image) VALUES
	 (139,121),
	 (141,122),
	 (142,123),
	 (144,124),
	 (145,125),
	 (146,126),
	 (148,127),
	 (149,128),
	 (150,129),
	 (150,130);
INSERT INTO public.cities_images (id_city,id_image) VALUES
	 (152,131),
	 (152,132),
	 (153,133),
	 (155,134),
	 (156,135),
	 (157,136),
	 (158,137),
	 (159,138),
	 (160,139),
	 (161,140);
INSERT INTO public.cities_images (id_city,id_image) VALUES
	 (162,141),
	 (163,142),
	 (164,143),
	 (164,144),
	 (165,145),
	 (167,146),
	 (168,147),
	 (168,148),
	 (169,149),
	 (170,150);
INSERT INTO public.cities_images (id_city,id_image) VALUES
	 (171,151),
	 (172,152),
	 (174,153),
	 (175,154),
	 (176,155),
	 (177,156),
	 (178,156),
	 (179,159),
	 (180,160),
	 (181,161);
INSERT INTO public.cities_images (id_city,id_image) VALUES
	 (182,162),
	 (183,163),
	 (184,164),
	 (185,165),
	 (186,166),
	 (187,167),
	 (188,168),
	 (189,169),
	 (190,170),
	 (191,171);
INSERT INTO public.cities_images (id_city,id_image) VALUES
	 (192,172),
	 (192,173),
	 (193,174),
	 (194,175),
	 (195,176),
	 (196,177),
	 (197,178),
	 (199,179),
	 (200,180),
	 (202,181);
INSERT INTO public.cities_images (id_city,id_image) VALUES
	 (202,182),
	 (202,183),
	 (204,184),
	 (205,185),
	 (206,186),
	 (207,187),
	 (208,188),
	 (210,189),
	 (211,190),
	 (213,191);
INSERT INTO public.cities_images (id_city,id_image) VALUES
	 (214,192),
	 (215,193),
	 (217,194),
	 (218,195),
	 (220,196),
	 (221,197),
	 (222,198),
	 (223,199),
	 (223,200),
	 (224,201);
INSERT INTO public.cities_images (id_city,id_image) VALUES
	 (225,202),
	 (226,203),
	 (227,204),
	 (228,205),
	 (229,206),
	 (231,207),
	 (232,208),
	 (234,209),
	 (234,210),
	 (236,211);
INSERT INTO public.cities_images (id_city,id_image) VALUES
	 (236,212),
	 (238,213),
	 (239,214),
	 (239,215),
	 (239,216),
	 (240,217),
	 (241,218),
	 (242,219),
	 (244,220),
	 (245,221);
INSERT INTO public.cities_images (id_city,id_image) VALUES
	 (247,222),
	 (248,223),
	 (249,224),
	 (250,225),
	 (250,226),
	 (252,227),
	 (254,228),
	 (255,229),
	 (256,230),
	 (257,231);
INSERT INTO public.cities_images (id_city,id_image) VALUES
	 (258,232),
	 (259,233),
	 (261,234),
	 (261,235),
	 (262,236),
	 (263,237),
	 (263,238),
	 (264,239),
	 (265,241),
	 (266,242);
INSERT INTO public.cities_images (id_city,id_image) VALUES
	 (267,243),
	 (268,244),
	 (269,245),
	 (271,246),
	 (272,247),
	 (273,248),
	 (275,249),
	 (276,250),
	 (279,251),
	 (280,252);
INSERT INTO public.cities_images (id_city,id_image) VALUES
	 (281,253),
	 (283,254),
	 (285,255),
	 (286,256),
	 (287,257),
	 (288,258),
	 (289,259),
	 (290,260),
	 (291,261),
	 (291,262);
INSERT INTO public.cities_images (id_city,id_image) VALUES
	 (291,263),
	 (294,264),
	 (295,265),
	 (296,266),
	 (296,267),
	 (297,268),
	 (299,269),
	 (300,270),
	 (300,271),
	 (301,272);
INSERT INTO public.cities_images (id_city,id_image) VALUES
	 (302,273),
	 (303,274),
	 (305,275),
	 (305,276),
	 (306,277),
	 (307,278),
	 (307,279),
	 (308,280),
	 (309,281),
	 (310,282);
INSERT INTO public.cities_images (id_city,id_image) VALUES
	 (312,283),
	 (313,284),
	 (314,285),
	 (316,286),
	 (317,287),
	 (318,288),
	 (319,289),
	 (319,290),
	 (319,291),
	 (320,292);
INSERT INTO public.cities_images (id_city,id_image) VALUES
	 (320,293),
	 (321,294),
	 (322,295),
	 (322,296),
	 (323,297),
	 (325,298),
	 (326,299),
	 (327,300),
	 (328,301),
	 (330,302);
INSERT INTO public.cities_images (id_city,id_image) VALUES
	 (331,303),
	 (332,304),
	 (333,305),
	 (335,306),
	 (335,307),
	 (336,308),
	 (337,309),
	 (377,310),
	 (338,311),
	 (339,312);
INSERT INTO public.cities_images (id_city,id_image) VALUES
	 (340,313),
	 (342,314),
	 (343,315),
	 (343,316),
	 (344,317),
	 (345,318),
	 (347,319),
	 (348,320),
	 (348,321),
	 (349,322);
INSERT INTO public.cities_images (id_city,id_image) VALUES
	 (351,323),
	 (351,324),
	 (353,325),
	 (354,326),
	 (355,327),
	 (356,328),
	 (357,329),
	 (357,330),
	 (358,331),
	 (359,332);
INSERT INTO public.cities_images (id_city,id_image) VALUES
	 (360,333),
	 (361,334),
	 (362,335),
	 (364,336),
	 (365,337),
	 (365,338),
	 (365,339),
	 (366,340),
	 (366,341),
	 (367,342);
INSERT INTO public.cities_images (id_city,id_image) VALUES
	 (368,343),
	 (369,344),
	 (370,345),
	 (371,346),
	 (372,347),
	 (374,348),
	 (375,349),
	 (377,350),
	 (378,351),
	 (379,352);
INSERT INTO public.cities_images (id_city,id_image) VALUES
	 (379,353),
	 (380,354),
	 (382,355),
	 (383,356),
	 (383,357),
	 (385,358),
	 (385,359),
	 (386,360),
	 (387,361),
	 (388,362);
INSERT INTO public.cities_images (id_city,id_image) VALUES
	 (389,363),
	 (390,364),
	 (392,365),
	 (393,366),
	 (394,367),
	 (394,368),
	 (394,369),
	 (395,370),
	 (396,371),
	 (398,372);
INSERT INTO public.cities_images (id_city,id_image) VALUES
	 (399,373),
	 (400,374),
	 (402,375),
	 (402,376),
	 (404,377),
	 (405,378),
	 (406,379),
	 (408,380),
	 (410,381),
	 (411,382);
INSERT INTO public.cities_images (id_city,id_image) VALUES
	 (411,383),
	 (412,384),
	 (413,385),
	 (413,386),
	 (414,387),
	 (415,388),
	 (417,389),
	 (418,390),
	 (419,391),
	 (421,392);
INSERT INTO public.cities_images (id_city,id_image) VALUES
	 (422,393),
	 (423,394),
	 (424,395),
	 (426,396),
	 (427,397),
	 (428,398),
	 (429,399),
	 (431,400),
	 (432,401),
	 (434,402);
INSERT INTO public.cities_images (id_city,id_image) VALUES
	 (435,403),
	 (436,404),
	 (437,405),
	 (439,406),
	 (441,407),
	 (442,408),
	 (442,409),
	 (442,410),
	 (445,411),
	 (447,412);
INSERT INTO public.cities_images (id_city,id_image) VALUES
	 (447,413),
	 (448,414),
	 (449,415),
	 (449,416),
	 (450,417),
	 (452,418),
	 (454,419),
	 (455,420),
	 (455,421),
	 (457,422);
INSERT INTO public.cities_images (id_city,id_image) VALUES
	 (458,423),
	 (459,424),
	 (459,425),
	 (460,426),
	 (462,427),
	 (462,428),
	 (462,429),
	 (463,430),
	 (463,431),
	 (464,432);
INSERT INTO public.cities_images (id_city,id_image) VALUES
	 (466,433),
	 (467,434),
	 (467,435),
	 (467,436),
	 (468,437),
	 (468,438),
	 (469,439),
	 (471,440),
	 (472,441),
	 (473,442);
INSERT INTO public.cities_images (id_city,id_image) VALUES
	 (473,443),
	 (474,444),
	 (475,445),
	 (476,446),
	 (476,447),
	 (477,448),
	 (478,449),
	 (478,450),
	 (480,451),
	 (481,452);
INSERT INTO public.cities_images (id_city,id_image) VALUES
	 (482,453),
	 (483,454),
	 (484,455),
	 (486,456),
	 (487,457),
	 (488,458),
	 (489,459),
	 (490,460),
	 (493,461),
	 (494,462);
INSERT INTO public.cities_images (id_city,id_image) VALUES
	 (496,463),
	 (497,464),
	 (498,465),
	 (498,466),
	 (499,467),
	 (500,468),
	 (502,469),
	 (503,470),
	 (505,471),
	 (506,472);
INSERT INTO public.cities_images (id_city,id_image) VALUES
	 (507,473),
	 (509,474),
	 (509,475),
	 (510,476),
	 (511,477),
	 (513,478),
	 (514,479),
	 (516,480),
	 (517,481),
	 (517,482);
INSERT INTO public.cities_images (id_city,id_image) VALUES
	 (519,483),
	 (520,484),
	 (521,485),
	 (522,486),
	 (523,487),
	 (523,488),
	 (524,489),
	 (525,490),
	 (525,491),
	 (526,492);
INSERT INTO public.cities_images (id_city,id_image) VALUES
	 (526,493),
	 (527,494),
	 (528,495),
	 (529,496),
	 (530,497),
	 (532,498),
	 (533,499),
	 (533,500),
	 (533,501),
	 (534,502);
INSERT INTO public.cities_images (id_city,id_image) VALUES
	 (536,503),
	 (537,504),
	 (539,505),
	 (540,506),
	 (542,507),
	 (543,508),
	 (544,509),
	 (546,510),
	 (547,511),
	 (549,512);
INSERT INTO public.cities_images (id_city,id_image) VALUES
	 (550,513),
	 (551,514),
	 (553,515),
	 (554,516),
	 (555,517),
	 (556,518),
	 (557,519),
	 (558,520),
	 (559,521),
	 (560,522);
INSERT INTO public.cities_images (id_city,id_image) VALUES
	 (562,523),
	 (563,524),
	 (564,525),
	 (565,526),
	 (567,527),
	 (568,528),
	 (569,529),
	 (569,530),
	 (570,531),
	 (571,532);
INSERT INTO public.cities_images (id_city,id_image) VALUES
	 (572,533),
	 (574,534),
	 (575,535),
	 (576,536),
	 (578,537),
	 (579,538),
	 (581,539),
	 (581,540),
	 (582,541),
	 (583,542);
INSERT INTO public.cities_images (id_city,id_image) VALUES
	 (585,543),
	 (586,544),
	 (587,545),
	 (587,546),
	 (588,547),
	 (590,548),
	 (591,549),
	 (592,550),
	 (594,551),
	 (595,552);
INSERT INTO public.cities_images (id_city,id_image) VALUES
	 (596,553),
	 (597,554),
	 (598,555),
	 (599,556),
	 (599,557),
	 (601,558),
	 (602,559),
	 (602,560),
	 (604,561),
	 (605,562);
INSERT INTO public.cities_images (id_city,id_image) VALUES
	 (607,563),
	 (608,564),
	 (609,565),
	 (610,566),
	 (612,567),
	 (614,568),
	 (615,569),
	 (617,570),
	 (618,571),
	 (619,572);
INSERT INTO public.cities_images (id_city,id_image) VALUES
	 (621,573),
	 (621,574),
	 (621,575),
	 (621,576),
	 (622,577),
	 (623,578),
	 (626,579),
	 (628,580),
	 (629,581),
	 (629,582);
INSERT INTO public.cities_images (id_city,id_image) VALUES
	 (630,583),
	 (632,584),
	 (633,585),
	 (634,586),
	 (636,587),
	 (637,588),
	 (637,589),
	 (638,590),
	 (639,591),
	 (641,592);
INSERT INTO public.cities_images (id_city,id_image) VALUES
	 (642,593),
	 (644,594),
	 (645,595),
	 (646,596),
	 (647,597),
	 (648,598),
	 (649,599),
	 (650,600),
	 (651,601),
	 (651,602);
INSERT INTO public.cities_images (id_city,id_image) VALUES
	 (651,603),
	 (653,604),
	 (654,605),
	 (656,606),
	 (657,607),
	 (659,608),
	 (660,609),
	 (661,610),
	 (662,611),
	 (663,612);
INSERT INTO public.cities_images (id_city,id_image) VALUES
	 (663,613),
	 (664,614),
	 (665,615),
	 (665,616),
	 (666,617),
	 (666,618),
	 (666,619),
	 (667,620),
	 (668,621),
	 (669,622);
INSERT INTO public.cities_images (id_city,id_image) VALUES
	 (669,623),
	 (670,624),
	 (671,625),
	 (673,626),
	 (673,627),
	 (673,628),
	 (674,629),
	 (675,630),
	 (676,631),
	 (677,632);
INSERT INTO public.cities_images (id_city,id_image) VALUES
	 (678,633),
	 (679,634),
	 (681,635),
	 (682,636),
	 (684,637),
	 (685,638),
	 (686,639),
	 (687,640),
	 (688,641),
	 (689,642);
INSERT INTO public.cities_images (id_city,id_image) VALUES
	 (690,643),
	 (691,644),
	 (692,645),
	 (693,646),
	 (694,647),
	 (696,648),
	 (697,649),
	 (698,650),
	 (700,651),
	 (701,652);
INSERT INTO public.cities_images (id_city,id_image) VALUES
	 (701,653),
	 (702,654),
	 (702,655),
	 (702,656),
	 (704,657),
	 (705,658),
	 (706,659),
	 (707,660),
	 (708,661),
	 (710,662);
INSERT INTO public.cities_images (id_city,id_image) VALUES
	 (712,663),
	 (712,664),
	 (714,665),
	 (715,666),
	 (717,667),
	 (718,668),
	 (719,669),
	 (721,670),
	 (722,671),
	 (723,672);
INSERT INTO public.cities_images (id_city,id_image) VALUES
	 (723,673),
	 (723,674),
	 (724,675),
	 (725,676),
	 (726,677),
	 (727,678),
	 (728,679),
	 (729,680),
	 (731,681),
	 (732,682);
INSERT INTO public.cities_images (id_city,id_image) VALUES
	 (735,683),
	 (736,684),
	 (738,685),
	 (739,686),
	 (741,687),
	 (742,688),
	 (742,689),
	 (743,690),
	 (744,691),
	 (745,692);
INSERT INTO public.cities_images (id_city,id_image) VALUES
	 (747,693),
	 (747,694),
	 (748,695),
	 (748,696),
	 (749,697),
	 (750,698),
	 (751,699),
	 (752,700),
	 (753,701),
	 (755,702);
INSERT INTO public.cities_images (id_city,id_image) VALUES
	 (756,703),
	 (758,704),
	 (759,705),
	 (760,706),
	 (762,707),
	 (763,708),
	 (764,709),
	 (766,710),
	 (767,711),
	 (768,712);
INSERT INTO public.cities_images (id_city,id_image) VALUES
	 (769,713),
	 (770,714),
	 (771,715),
	 (772,716),
	 (773,717),
	 (774,718),
	 (775,719),
	 (775,720),
	 (775,721),
	 (776,722);
INSERT INTO public.cities_images (id_city,id_image) VALUES
	 (777,723),
	 (777,724),
	 (778,725),
	 (779,726),
	 (779,727),
	 (779,728),
	 (780,729),
	 (781,730),
	 (781,731),
	 (782,732);
INSERT INTO public.cities_images (id_city,id_image) VALUES
	 (783,733),
	 (784,734),
	 (785,735),
	 (787,736),
	 (788,737),
	 (789,738),
	 (790,739),
	 (791,740),
	 (792,741),
	 (793,742);
INSERT INTO public.cities_images (id_city,id_image) VALUES
	 (793,743),
	 (796,744),
	 (798,745),
	 (799,746),
	 (801,747),
	 (802,748),
	 (804,749),
	 (805,750),
	 (806,751),
	 (807,752);
INSERT INTO public.cities_images (id_city,id_image) VALUES
	 (808,753),
	 (809,754),
	 (810,755),
	 (811,756),
	 (812,757),
	 (813,758),
	 (815,759),
	 (816,760),
	 (816,761),
	 (816,762);
INSERT INTO public.cities_images (id_city,id_image) VALUES
	 (816,763),
	 (817,764),
	 (818,765),
	 (820,766),
	 (821,767),
	 (823,768),
	 (824,769),
	 (825,770),
	 (825,771),
	 (826,772);
INSERT INTO public.cities_images (id_city,id_image) VALUES
	 (827,773),
	 (827,774),
	 (829,775),
	 (830,776),
	 (831,777),
	 (831,778),
	 (832,779),
	 (834,780),
	 (835,781),
	 (837,782);
INSERT INTO public.cities_images (id_city,id_image) VALUES
	 (839,783),
	 (840,784),
	 (841,785),
	 (843,786),
	 (844,787),
	 (845,788),
	 (846,789),
	 (847,790),
	 (848,791),
	 (849,792);
INSERT INTO public.cities_images (id_city,id_image) VALUES
	 (850,793),
	 (852,794),
	 (853,795),
	 (854,796),
	 (856,797),
	 (857,798),
	 (859,799),
	 (860,800),
	 (861,801),
	 (862,802);
INSERT INTO public.cities_images (id_city,id_image) VALUES
	 (862,803),
	 (864,804),
	 (865,805),
	 (867,806),
	 (868,807),
	 (868,808),
	 (869,809),
	 (870,810),
	 (871,811),
	 (872,812);
INSERT INTO public.cities_images (id_city,id_image) VALUES
	 (873,813),
	 (874,814),
	 (875,815),
	 (876,816),
	 (877,817),
	 (877,818),
	 (877,819),
	 (878,820),
	 (878,821),
	 (880,822);
INSERT INTO public.cities_images (id_city,id_image) VALUES
	 (881,823),
	 (882,824),
	 (883,825),
	 (883,826),
	 (884,827),
	 (885,828),
	 (886,829),
	 (887,830),
	 (888,831),
	 (889,832);
INSERT INTO public.cities_images (id_city,id_image) VALUES
	 (890,833),
	 (892,834),
	 (893,835),
	 (895,836),
	 (896,837),
	 (898,838),
	 (900,839),
	 (901,840),
	 (903,841),
	 (903,842);
INSERT INTO public.cities_images (id_city,id_image) VALUES
	 (904,843),
	 (904,844),
	 (906,845),
	 (907,846),
	 (909,847),
	 (909,848),
	 (910,849),
	 (912,850),
	 (913,851),
	 (915,852);
INSERT INTO public.cities_images (id_city,id_image) VALUES
	 (916,853),
	 (917,854),
	 (918,855),
	 (919,856),
	 (920,857),
	 (921,858),
	 (922,859),
	 (923,860),
	 (924,861),
	 (925,862);
INSERT INTO public.cities_images (id_city,id_image) VALUES
	 (926,863),
	 (926,864),
	 (926,865),
	 (927,866),
	 (929,867),
	 (930,868),
	 (931,869),
	 (932,870),
	 (933,871),
	 (934,872);
INSERT INTO public.cities_images (id_city,id_image) VALUES
	 (935,873),
	 (936,874),
	 (937,875),
	 (938,876),
	 (939,877),
	 (940,878),
	 (941,879),
	 (942,880),
	 (943,881),
	 (944,882);
INSERT INTO public.cities_images (id_city,id_image) VALUES
	 (946,883),
	 (947,884),
	 (949,885),
	 (950,886),
	 (951,887),
	 (953,888),
	 (954,889),
	 (955,890),
	 (956,891),
	 (957,892);
INSERT INTO public.cities_images (id_city,id_image) VALUES
	 (958,893),
	 (959,894),
	 (960,895),
	 (962,896),
	 (963,897),
	 (965,898),
	 (966,899),
	 (967,900),
	 (968,901),
	 (969,902);
INSERT INTO public.cities_images (id_city,id_image) VALUES
	 (970,903),
	 (971,904),
	 (973,905),
	 (975,906),
	 (976,907),
	 (978,908),
	 (981,909),
	 (983,910),
	 (983,911),
	 (984,912);
INSERT INTO public.cities_images (id_city,id_image) VALUES
	 (985,913),
	 (986,914),
	 (987,915),
	 (988,916),
	 (990,917),
	 (991,918),
	 (993,919),
	 (994,920),
	 (994,921),
	 (994,922);
INSERT INTO public.cities_images (id_city,id_image) VALUES
	 (995,923),
	 (997,924),
	 (998,925),
	 (1000,926),
	 (1002,927),
	 (1003,928),
	 (1004,929),
	 (1006,930),
	 (1006,931),
	 (1006,932);
INSERT INTO public.cities_images (id_city,id_image) VALUES
	 (1007,933),
	 (1008,934),
	 (1009,935),
	 (1010,936),
	 (1011,937),
	 (1012,938),
	 (1013,939),
	 (1014,940),
	 (1016,941),
	 (1017,942);
INSERT INTO public.cities_images (id_city,id_image) VALUES
	 (1018,943),
	 (1019,944),
	 (1020,945),
	 (1020,946),
	 (1022,947),
	 (1023,948),
	 (1024,949),
	 (1024,950),
	 (1025,951),
	 (1026,952);
INSERT INTO public.cities_images (id_city,id_image) VALUES
	 (1028,953),
	 (1029,954),
	 (1030,955),
	 (1031,956),
	 (1032,957),
	 (1033,958),
	 (1034,959),
	 (1035,960),
	 (1037,961),
	 (1037,962);
INSERT INTO public.cities_images (id_city,id_image) VALUES
	 (1038,963),
	 (1038,964),
	 (1038,965),
	 (1039,966),
	 (1040,967),
	 (1041,968),
	 (1042,969),
	 (1042,970),
	 (1044,971),
	 (1045,972);
INSERT INTO public.cities_images (id_city,id_image) VALUES
	 (1045,973),
	 (1047,974),
	 (1049,975),
	 (1050,976),
	 (1051,977),
	 (1052,978);
INSERT INTO public.countries (russian_title,english_title,code1,code2) VALUES
	 ('Абхазия','Abkhazia','AB',895),
	 ('Австралия','Australia','AU',36),
	 ('Австрия','Austria','AT',40),
	 ('Азербайджан','Azerbaijan','AZ',31),
	 ('Албания','Albania','AL',8),
	 ('Алжир','Algeria','DZ',12),
	 ('Американское Самоа','American Samoa','AS',16),
	 ('Ангилья','Anguilla','AI',660),
	 ('Ангола','Angola','AO',24),
	 ('Андорра','Andorra','AD',20);
INSERT INTO public.countries (russian_title,english_title,code1,code2) VALUES
	 ('Антарктида','Antarctica','AQ',10),
	 ('Антигуа и Барбуда','Antigua and Barbuda','AG',28),
	 ('Аргентина','Argentina','AR',32),
	 ('Армения','Armenia','AM',51),
	 ('Аруба','Aruba','AW',533),
	 ('Афганистан','Afghanistan','AF',4),
	 ('Багамы','Bahamas','BS',44),
	 ('Бангладеш','Bangladesh','BD',50),
	 ('Барбадос','Barbados','BB',52),
	 ('Бахрейн','Bahrain','BH',48);
INSERT INTO public.countries (russian_title,english_title,code1,code2) VALUES
	 ('Беларусь','Belarus','BY',112),
	 ('Белиз','Belize','BZ',84),
	 ('Бельгия','Belgium','BE',56),
	 ('Бенин','Benin','BJ',204),
	 ('Бермуды','Bermuda','BM',60),
	 ('Болгария','Bulgaria','BG',100),
	 ('Боливия, Многонациональное Государство','Bolivia, plurinational state of','BO',68),
	 ('Бонайре, Саба и Синт-Эстатиус','Bonaire, Sint Eustatius and Saba','BQ',535),
	 ('Босния и Герцеговина','Bosnia and Herzegovina','BA',70),
	 ('Ботсвана','Botswana','BW',72);
INSERT INTO public.countries (russian_title,english_title,code1,code2) VALUES
	 ('Бразилия','Brazil','BR',76),
	 ('Британская территория в Индийском океане','British Indian Ocean Territory','IO',86),
	 ('Бруней-Даруссалам','Brunei Darussalam','BN',96),
	 ('Буркина-Фасо','Burkina Faso','BF',854),
	 ('Бурунди','Burundi','BI',108),
	 ('Бутан','Bhutan','BT',64),
	 ('Вануату','Vanuatu','VU',548),
	 ('Венгрия','Hungary','HU',348),
	 ('Венесуэла Боливарианская Республика','Venezuela','VE',862),
	 ('Виргинские острова, Британские','Virgin Islands, British','VG',92);
INSERT INTO public.countries (russian_title,english_title,code1,code2) VALUES
	 ('Виргинские острова, США','Virgin Islands, U.S.','VI',850),
	 ('Вьетнам','Vietnam','VN',704),
	 ('Габон','Gabon','GA',266),
	 ('Гаити','Haiti','HT',332),
	 ('Гайана','Guyana','GY',328),
	 ('Гамбия','Gambia','GM',270),
	 ('Гана','Ghana','GH',288),
	 ('Гваделупа','Guadeloupe','GP',312),
	 ('Гватемала','Guatemala','GT',320),
	 ('Гвинея','Guinea','GN',324);
INSERT INTO public.countries (russian_title,english_title,code1,code2) VALUES
	 ('Гвинея-Бисау','Guinea-Bissau','GW',624),
	 ('Германия','Germany','DE',276),
	 ('Гернси','Guernsey','GG',831),
	 ('Гибралтар','Gibraltar','GI',292),
	 ('Гондурас','Honduras','HN',340),
	 ('Гонконг','Hong Kong','HK',344),
	 ('Гренада','Grenada','GD',308),
	 ('Гренландия','Greenland','GL',304),
	 ('Греция','Greece','GR',300),
	 ('Грузия','Georgia','GE',268);
INSERT INTO public.countries (russian_title,english_title,code1,code2) VALUES
	 ('Гуам','Guam','GU',316),
	 ('Дания','Denmark','DK',208),
	 ('Джерси','Jersey','JE',832),
	 ('Джибути','Djibouti','DJ',262),
	 ('Доминика','Dominica','DM',212),
	 ('Доминиканская Республика','Dominican Republic','DO',214),
	 ('Египет','Egypt','EG',818),
	 ('Замбия','Zambia','ZM',894),
	 ('Западная Сахара','Western Sahara','EH',732),
	 ('Зимбабве','Zimbabwe','ZW',716);
INSERT INTO public.countries (russian_title,english_title,code1,code2) VALUES
	 ('Израиль','Israel','IL',376),
	 ('Индия','India','IN',356),
	 ('Индонезия','Indonesia','ID',360),
	 ('Иордания','Jordan','JO',400),
	 ('Ирак','Iraq','IQ',368),
	 ('Иран, Исламская Республика','Iran, Islamic Republic of','IR',364),
	 ('Ирландия','Ireland','IE',372),
	 ('Исландия','Iceland','IS',352),
	 ('Испания','Spain','ES',724),
	 ('Италия','Italy','IT',380);
INSERT INTO public.countries (russian_title,english_title,code1,code2) VALUES
	 ('Йемен','Yemen','YE',887),
	 ('Кабо-Верде','Cape Verde','CV',132),
	 ('Казахстан','Kazakhstan','KZ',398),
	 ('Камбоджа','Cambodia','KH',116),
	 ('Камерун','Cameroon','CM',120),
	 ('Канада','Canada','CA',124),
	 ('Катар','Qatar','QA',634),
	 ('Кения','Kenya','KE',404),
	 ('Кипр','Cyprus','CY',196),
	 ('Киргизия','Kyrgyzstan','KG',417);
INSERT INTO public.countries (russian_title,english_title,code1,code2) VALUES
	 ('Кирибати','Kiribati','KI',296),
	 ('Китай','China','CN',156),
	 ('Кокосовые (Килинг) острова','Cocos (Keeling) Islands','CC',166),
	 ('Колумбия','Colombia','CO',170),
	 ('Коморы','Comoros','KM',174),
	 ('Конго','Congo','CG',178),
	 ('Конго, Демократическая Республика','Congo, Democratic Republic of the','CD',180),
	 ('Корея, Народно-Демократическая Республика','Korea, Democratic People''s republic of','KP',408),
	 ('Корея, Республика','Korea, Republic of','KR',410),
	 ('Коста-Рика','Costa Rica','CR',188);
INSERT INTO public.countries (russian_title,english_title,code1,code2) VALUES
	 ('Кот д''Ивуар','Cote d''Ivoire','CI',384),
	 ('Куба','Cuba','CU',192),
	 ('Кувейт','Kuwait','KW',414),
	 ('Кюрасао','Curaçao','CW',531),
	 ('Лаос','Lao People''s Democratic Republic','LA',418),
	 ('Латвия','Latvia','LV',428),
	 ('Лесото','Lesotho','LS',426),
	 ('Ливан','Lebanon','LB',422),
	 ('Ливийская Арабская Джамахирия','Libyan Arab Jamahiriya','LY',434),
	 ('Либерия','Liberia','LR',430);
INSERT INTO public.countries (russian_title,english_title,code1,code2) VALUES
	 ('Лихтенштейн','Liechtenstein','LI',438),
	 ('Литва','Lithuania','LT',440),
	 ('Люксембург','Luxembourg','LU',442),
	 ('Маврикий','Mauritius','MU',480),
	 ('Мавритания','Mauritania','MR',478),
	 ('Мадагаскар','Madagascar','MG',450),
	 ('Майотта','Mayotte','YT',175),
	 ('Макао','Macao','MO',446),
	 ('Малави','Malawi','MW',454),
	 ('Малайзия','Malaysia','MY',458);
INSERT INTO public.countries (russian_title,english_title,code1,code2) VALUES
	 ('Мали','Mali','ML',466),
	 ('Малые Тихоокеанские отдаленные острова Соединенных Штатов','United States Minor Outlying Islands','UM',581),
	 ('Мальдивы','Maldives','MV',462),
	 ('Мальта','Malta','MT',470),
	 ('Марокко','Morocco','MA',504),
	 ('Мартиника','Martinique','MQ',474),
	 ('Маршалловы острова','Marshall Islands','MH',584),
	 ('Мексика','Mexico','MX',484),
	 ('Микронезия, Федеративные Штаты','Micronesia, Federated States of','FM',583),
	 ('Мозамбик','Mozambique','MZ',508);
INSERT INTO public.countries (russian_title,english_title,code1,code2) VALUES
	 ('Молдова, Республика','Moldova','MD',498),
	 ('Монако','Monaco','MC',492),
	 ('Монголия','Mongolia','MN',496),
	 ('Монтсеррат','Montserrat','MS',500),
	 ('Мьянма','Myanmar','MM',104),
	 ('Намибия','Namibia','NA',516),
	 ('Науру','Nauru','NR',520),
	 ('Непал','Nepal','NP',524),
	 ('Нигер','Niger','NE',562),
	 ('Нигерия','Nigeria','NG',566);
INSERT INTO public.countries (russian_title,english_title,code1,code2) VALUES
	 ('Нидерланды','Netherlands','NL',528),
	 ('Никарагуа','Nicaragua','NI',558),
	 ('Ниуэ','Niue','NU',570),
	 ('Новая Зеландия','New Zealand','NZ',554),
	 ('Новая Каледония','New Caledonia','NC',540),
	 ('Норвегия','Norway','NO',578),
	 ('Объединенные Арабские Эмираты','United Arab Emirates','AE',784),
	 ('Оман','Oman','OM',512),
	 ('Остров Буве','Bouvet Island','BV',74),
	 ('Остров Мэн','Isle of Man','IM',833);
INSERT INTO public.countries (russian_title,english_title,code1,code2) VALUES
	 ('Остров Норфолк','Norfolk Island','NF',574),
	 ('Остров Рождества','Christmas Island','CX',162),
	 ('Остров Херд и острова Макдональд','Heard Island and McDonald Islands','HM',334),
	 ('Острова Кайман','Cayman Islands','KY',136),
	 ('Острова Кука','Cook Islands','CK',184),
	 ('Острова Теркс и Кайкос','Turks and Caicos Islands','TC',796),
	 ('Пакистан','Pakistan','PK',586),
	 ('Палау','Palau','PW',585),
	 ('Палестинская территория, оккупированная','Palestinian Territory, Occupied','PS',275),
	 ('Панама','Panama','PA',591);
INSERT INTO public.countries (russian_title,english_title,code1,code2) VALUES
	 ('Папский Престол (Государство — город Ватикан)','Holy See (Vatican City State)','VA',336),
	 ('Папуа-Новая Гвинея','Papua New Guinea','PG',598),
	 ('Парагвай','Paraguay','PY',600),
	 ('Перу','Peru','PE',604),
	 ('Питкерн','Pitcairn','PN',612),
	 ('Польша','Poland','PL',616),
	 ('Португалия','Portugal','PT',620),
	 ('Пуэрто-Рико','Puerto Rico','PR',630),
	 ('Республика Македония','Macedonia, The Former Yugoslav Republic Of','MK',807),
	 ('Реюньон','Reunion','RE',638);
INSERT INTO public.countries (russian_title,english_title,code1,code2) VALUES
	 ('Россия','Russian Federation','RU',643),
	 ('Руанда','Rwanda','RW',646),
	 ('Румыния','Romania','RO',642),
	 ('Самоа','Samoa','WS',882),
	 ('Сан-Марино','San Marino','SM',674),
	 ('Сан-Томе и Принсипи','Sao Tome and Principe','ST',678),
	 ('Саудовская Аравия','Saudi Arabia','SA',682),
	 ('Свазиленд','Swaziland','SZ',748),
	 ('Святая Елена, Остров вознесения, Тристан-да-Кунья','Saint Helena, Ascension And Tristan Da Cunha','SH',654),
	 ('Северные Марианские острова','Northern Mariana Islands','MP',580);
INSERT INTO public.countries (russian_title,english_title,code1,code2) VALUES
	 ('Сен-Бартельми','Saint Barthélemy','BL',652),
	 ('Сен-Мартен','Saint Martin (French Part)','MF',663),
	 ('Сенегал','Senegal','SN',686),
	 ('Сент-Винсент и Гренадины','Saint Vincent and the Grenadines','VC',670),
	 ('Сент-Люсия','Saint Lucia','LC',662),
	 ('Сент-Китс и Невис','Saint Kitts and Nevis','KN',659),
	 ('Сент-Пьер и Микелон','Saint Pierre and Miquelon','PM',666),
	 ('Сербия','Serbia','RS',688),
	 ('Сейшелы','Seychelles','SC',690),
	 ('Сингапур','Singapore','SG',702);
INSERT INTO public.countries (russian_title,english_title,code1,code2) VALUES
	 ('Синт-Мартен','Sint Maarten','SX',534),
	 ('Сирийская Арабская Республика','Syrian Arab Republic','SY',760),
	 ('Словакия','Slovakia','SK',703),
	 ('Словения','Slovenia','SI',705),
	 ('Соединенное Королевство','United Kingdom','GB',826),
	 ('Соединенные Штаты','United States','US',840),
	 ('Соломоновы острова','Solomon Islands','SB',90),
	 ('Сомали','Somalia','SO',706),
	 ('Судан','Sudan','SD',729),
	 ('Суринам','Suriname','SR',740);
INSERT INTO public.countries (russian_title,english_title,code1,code2) VALUES
	 ('Сьерра-Леоне','Sierra Leone','SL',694),
	 ('Таджикистан','Tajikistan','TJ',762),
	 ('Таиланд','Thailand','TH',764),
	 ('Тайвань (Китай)','Taiwan, Province of China','TW',158),
	 ('Танзания, Объединенная Республика','Tanzania, United Republic Of','TZ',834),
	 ('Тимор-Лесте','Timor-Leste','TL',626),
	 ('Того','Togo','TG',768),
	 ('Токелау','Tokelau','TK',772),
	 ('Тонга','Tonga','TO',776),
	 ('Тринидад и Тобаго','Trinidad and Tobago','TT',780);
INSERT INTO public.countries (russian_title,english_title,code1,code2) VALUES
	 ('Тувалу','Tuvalu','TV',798),
	 ('Тунис','Tunisia','TN',788),
	 ('Туркмения','Turkmenistan','TM',795),
	 ('Турция','Turkey','TR',792),
	 ('Уганда','Uganda','UG',800),
	 ('Узбекистан','Uzbekistan','UZ',860),
	 ('Украина','Ukraine','UA',804),
	 ('Уоллис и Футуна','Wallis and Futuna','WF',876),
	 ('Уругвай','Uruguay','UY',858),
	 ('Фарерские острова','Faroe Islands','FO',234);
INSERT INTO public.countries (russian_title,english_title,code1,code2) VALUES
	 ('Фиджи','Fiji','FJ',242),
	 ('Филиппины','Philippines','PH',608),
	 ('Финляндия','Finland','FI',246),
	 ('Фолклендские острова (Мальвинские)','Falkland Islands (Malvinas)','FK',238),
	 ('Франция','France','FR',250),
	 ('Французская Гвиана','French Guiana','GF',254),
	 ('Французская Полинезия','French Polynesia','PF',258),
	 ('Французские Южные территории','French Southern Territories','TF',260),
	 ('Хорватия','Croatia','HR',191),
	 ('Центрально-Африканская Республика','Central African Republic','CF',140);
INSERT INTO public.countries (russian_title,english_title,code1,code2) VALUES
	 ('Чад','Chad','TD',148),
	 ('Черногория','Montenegro','ME',499),
	 ('Чешская Республика','Czech Republic','CZ',203),
	 ('Чили','Chile','CL',152),
	 ('Швейцария','Switzerland','CH',756),
	 ('Швеция','Sweden','SE',752),
	 ('Шпицберген и Ян Майен','Svalbard and Jan Mayen','SJ',744),
	 ('Шри-Ланка','Sri Lanka','LK',144),
	 ('Эквадор','Ecuador','EC',218),
	 ('Экваториальная Гвинея','Equatorial Guinea','GQ',226);
INSERT INTO public.countries (russian_title,english_title,code1,code2) VALUES
	 ('Эландские острова','Åland Islands','AX',248),
	 ('Эль-Сальвадор','El Salvador','SV',222),
	 ('Эритрея','Eritrea','ER',232),
	 ('Эстония','Estonia','EE',233),
	 ('Эфиопия','Ethiopia','ET',231),
	 ('Южная Африка','South Africa','ZA',710),
	 ('Южная Джорджия и Южные Сандвичевы острова','South Georgia and the South Sandwich Islands','GS',239),
	 ('Южная Осетия','South Ossetia','OS',896),
	 ('Южный Судан','South Sudan','SS',728),
	 ('Ямайка','Jamaica','JM',388);
INSERT INTO public.countries (russian_title,english_title,code1,code2) VALUES
	 ('Япония','Japan','JP',392);
INSERT INTO public.directions (id_direction,title) VALUES
	 (1,'ИТ'),
	 (2,'Биг Дата'),
	 (3,'Дизайн'),
	 (4,'Аналитика'),
	 (5,'Информационная безопасность');
INSERT INTO public.events (id_city,title,"date",id_type_of_event,image) VALUES
	 (34,'Первая встреча клуба «Leader stories» ','2022-03-15',2,'1.jpg'),
	 (56,'Первый в России JAVABOOTCAMP ','2022-10-25',2,'2.jpg'),
	 (6,'Встреча клуба Leader Stories «Зачем развивать сотрудников? Они же уйдут» ','2023-04-18',2,'3.jpg'),
	 (8,'Первый IoT-Forum в Санкт-Петербурге ','2023-05-30',2,'4.jpg'),
	 (9,'План проекта: практические советы, типичные ошибки ','2023-07-11',2,'5.jpg'),
	 (70,'Планирование проекта: что делать после того, как выяснили цель ','2022-03-20',2,'6.jpg'),
	 (90,'Поисковая оптимизация (SEO) ','2022-08-10',2,'7.jpg'),
	 (80,'Поисковая оптимизация. SEO оптимизация ','2022-08-15',2,'8.jpg'),
	 (78,'Поликом Про и InfoWatch: круглый стол по информационной безопасности в Санкт-Петербурге ','2022-02-02',2,'9.jpg'),
	 (78,'Получи «100500» лидов в первые 5 секунд ','2023-09-02',2,'10.jpg');
INSERT INTO public.events (id_city,title,"date",id_type_of_event,image) VALUES
	 (67,'Пользовательские требования ','2023-08-08',2,'11.jpg'),
	 (56,'Постоянно доступен: Налаживаем омниканальную коммуникацию с клиентами ','2023-10-29',2,'12.jpg'),
	 (45,'Построение гиперконвергентной инфраструктуры и VDI-решения ','2023-10-28',2,'13.jpg'),
	 (78,'Практикум «Обогнать конкурентов: усиливаем продажи и создаем клиентский сервис» ','2022-07-28',2,'14.jpg'),
	 (67,'Практикум по Customer Development с экспертом ФРИИ: грамотные продажи за 4 часа ','2022-06-03',2,'15.jpg'),
	 (7,'Практический воркшоп по созданию договоренностей в Scrum-команде ','2022-05-16',2,'16.jpg'),
	 (8,'Практическое применение диаграммы потоков данных (DFD, Data Flow Diagram) ','2023-11-27',2,'17.jpg'),
	 (9,'Практическое применение диаграммы состояний (UML StateChart) ','2022-06-17',2,'18.jpg'),
	 (3,'Презентационная сессия «TTD: технологии для жизни 2022» ','2022-01-30',2,'19.jpg'),
	 (5,'Презентация курса «Методы, технологии, инструменты обучения персонала в технических, продуктовых и IT-компаниях» ','2023-10-01',2,'20.jpg');
INSERT INTO public.genders (title) VALUES
	 ('Женский'),
	 ('Мужской');
INSERT INTO public.images (title) VALUES
	 ('image1.png'),
	 ('image2.png'),
	 ('image3.png'),
	 ('image4.png'),
	 ('image5.png'),
	 ('image6.png'),
	 ('image7.png'),
	 ('image8.png'),
	 ('image9.png'),
	 ('image10.png');
INSERT INTO public.images (title) VALUES
	 ('image11.png'),
	 ('image12.png'),
	 ('image13.png'),
	 ('image14.png'),
	 ('image15.png'),
	 ('image16.png'),
	 ('image17.png'),
	 ('image18.png'),
	 ('image19.png'),
	 ('image20.png');
INSERT INTO public.images (title) VALUES
	 ('image21.png'),
	 ('image22.png'),
	 ('image23.png'),
	 ('image24.png'),
	 ('image25.png'),
	 ('image26.png'),
	 ('image27.png'),
	 ('image28.png'),
	 ('image29.png'),
	 ('image30.png');
INSERT INTO public.images (title) VALUES
	 ('image31.png'),
	 ('image32.png'),
	 ('image33.png'),
	 ('image34.png'),
	 ('image35.png'),
	 ('image36.png'),
	 ('image37.png'),
	 ('image38.png'),
	 ('image39.png'),
	 ('image40.png');
INSERT INTO public.images (title) VALUES
	 ('image41.png'),
	 ('image42.png'),
	 ('image43.png'),
	 ('image44.png'),
	 ('image45.png'),
	 ('image46.png'),
	 ('image47.png'),
	 ('image48.png'),
	 ('image49.png'),
	 ('image50.png');
INSERT INTO public.images (title) VALUES
	 ('image51.png'),
	 ('image52.png'),
	 ('image53.png'),
	 ('image54.png'),
	 ('image55.png'),
	 ('image56.png'),
	 ('image57.png'),
	 ('image58.png'),
	 ('image59.png'),
	 ('image60.png');
INSERT INTO public.images (title) VALUES
	 ('image61.png'),
	 ('image62.png'),
	 ('image63.png'),
	 ('image64.png'),
	 ('image65.png'),
	 ('image66.png'),
	 ('image67.png'),
	 ('image68.png'),
	 ('image69.png'),
	 ('image70.png');
INSERT INTO public.images (title) VALUES
	 ('image71.png'),
	 ('image72.png'),
	 ('image73.png'),
	 ('image74.png'),
	 ('image75.png'),
	 ('image76.png'),
	 ('image77.png'),
	 ('image78.png'),
	 ('image79.png'),
	 ('image80.png');
INSERT INTO public.images (title) VALUES
	 ('image81.png'),
	 ('image82.png'),
	 ('image83.png'),
	 ('image84.png'),
	 ('image85.png'),
	 ('image86.png'),
	 ('image87.png'),
	 ('image88.png'),
	 ('image89.png'),
	 ('image90.png');
INSERT INTO public.images (title) VALUES
	 ('image91.png'),
	 ('image92.png'),
	 ('image93.png'),
	 ('image94.png'),
	 ('image95.png'),
	 ('image96.png'),
	 ('image97.png'),
	 ('image98.png'),
	 ('image99.png'),
	 ('image100.png');
INSERT INTO public.images (title) VALUES
	 ('image101.png'),
	 ('image102.png'),
	 ('image103.png'),
	 ('image104.png'),
	 ('image105.png'),
	 ('image106.png'),
	 ('image107.png'),
	 ('image108.png'),
	 ('image109.png'),
	 ('image110.png');
INSERT INTO public.images (title) VALUES
	 ('image111.png'),
	 ('image112.png'),
	 ('image113.png'),
	 ('image114.png'),
	 ('image115.png'),
	 ('image116.png'),
	 ('image117.png'),
	 ('image118.png'),
	 ('image119.png'),
	 ('image120.png');
INSERT INTO public.images (title) VALUES
	 ('image121.png'),
	 ('image122.png'),
	 ('image123.png'),
	 ('image124.png'),
	 ('image125.png'),
	 ('image126.png'),
	 ('image127.png'),
	 ('image128.png'),
	 ('image129.png'),
	 ('image130.png');
INSERT INTO public.images (title) VALUES
	 ('image131.png'),
	 ('image132.png'),
	 ('image133.png'),
	 ('image134.png'),
	 ('image135.png'),
	 ('image136.png'),
	 ('image137.png'),
	 ('image138.png'),
	 ('image139.png'),
	 ('image140.png');
INSERT INTO public.images (title) VALUES
	 ('image141.png'),
	 ('image142.png'),
	 ('image143.png'),
	 ('image144.png'),
	 ('image145.png'),
	 ('image146.png'),
	 ('image147.png'),
	 ('image148.png'),
	 ('image149.png'),
	 ('image150.png');
INSERT INTO public.images (title) VALUES
	 ('image151.png'),
	 ('image152.png'),
	 ('image153.png'),
	 ('image154.png'),
	 ('image155.png'),
	 ('image156.png'),
	 ('image157.png'),
	 ('image158.png'),
	 ('image159.png'),
	 ('image160.png');
INSERT INTO public.images (title) VALUES
	 ('image161.png'),
	 ('image162.png'),
	 ('image163.png'),
	 ('image164.png'),
	 ('image165.png'),
	 ('image166.png'),
	 ('image167.png'),
	 ('image168.png'),
	 ('image169.png'),
	 ('image170.png');
INSERT INTO public.images (title) VALUES
	 ('image171.png'),
	 ('image172.png'),
	 ('image173.png'),
	 ('image174.png'),
	 ('image175.png'),
	 ('image176.png'),
	 ('image177.png'),
	 ('image178.png'),
	 ('image179.png'),
	 ('image180.png');
INSERT INTO public.images (title) VALUES
	 ('image181.png'),
	 ('image182.png'),
	 ('image183.png'),
	 ('image184.png'),
	 ('image185.png'),
	 ('image186.png'),
	 ('image187.png'),
	 ('image188.png'),
	 ('image189.png'),
	 ('image190.png');
INSERT INTO public.images (title) VALUES
	 ('image191.png'),
	 ('image192.png'),
	 ('image193.png'),
	 ('image194.png'),
	 ('image195.png'),
	 ('image196.png'),
	 ('image197.png'),
	 ('image198.png'),
	 ('image199.png'),
	 ('image200.png');
INSERT INTO public.images (title) VALUES
	 ('image201.png'),
	 ('image202.png'),
	 ('image203.png'),
	 ('image204.png'),
	 ('image205.png'),
	 ('image206.png'),
	 ('image207.png'),
	 ('image208.png'),
	 ('image209.png'),
	 ('image210.png');
INSERT INTO public.images (title) VALUES
	 ('image211.png'),
	 ('image212.png'),
	 ('image213.png'),
	 ('image214.png'),
	 ('image215.png'),
	 ('image216.png'),
	 ('image217.png'),
	 ('image218.png'),
	 ('image219.png'),
	 ('image220.png');
INSERT INTO public.images (title) VALUES
	 ('image221.png'),
	 ('image222.png'),
	 ('image223.png'),
	 ('image224.png'),
	 ('image225.png'),
	 ('image226.png'),
	 ('image227.png'),
	 ('image228.png'),
	 ('image229.png'),
	 ('image230.png');
INSERT INTO public.images (title) VALUES
	 ('image231.png'),
	 ('image232.png'),
	 ('image233.png'),
	 ('image234.png'),
	 ('image235.png'),
	 ('image236.png'),
	 ('image237.png'),
	 ('image238.png'),
	 ('image239.png'),
	 ('image240.png');
INSERT INTO public.images (title) VALUES
	 ('image241.png'),
	 ('image242.png'),
	 ('image243.png'),
	 ('image244.png'),
	 ('image245.png'),
	 ('image246.png'),
	 ('image247.png'),
	 ('image248.png'),
	 ('image249.png'),
	 ('image250.png');
INSERT INTO public.images (title) VALUES
	 ('image251.png'),
	 ('image252.png'),
	 ('image253.png'),
	 ('image254.png'),
	 ('image255.png'),
	 ('image256.png'),
	 ('image257.png'),
	 ('image258.png'),
	 ('image259.png'),
	 ('image260.png');
INSERT INTO public.images (title) VALUES
	 ('image261.png'),
	 ('image262.png'),
	 ('image263.png'),
	 ('image264.png'),
	 ('image265.png'),
	 ('image266.png'),
	 ('image267.png'),
	 ('image268.png'),
	 ('image269.png'),
	 ('image270.png');
INSERT INTO public.images (title) VALUES
	 ('image271.png'),
	 ('image272.png'),
	 ('image273.png'),
	 ('image274.png'),
	 ('image275.png'),
	 ('image276.png'),
	 ('image277.png'),
	 ('image278.png'),
	 ('image279.png'),
	 ('image280.png');
INSERT INTO public.images (title) VALUES
	 ('image281.png'),
	 ('image282.png'),
	 ('image283.png'),
	 ('image284.png'),
	 ('image285.png'),
	 ('image286.png'),
	 ('image287.png'),
	 ('image288.png'),
	 ('image289.png'),
	 ('image290.png');
INSERT INTO public.images (title) VALUES
	 ('image291.png'),
	 ('image292.png'),
	 ('image293.png'),
	 ('image294.png'),
	 ('image295.png'),
	 ('image296.png'),
	 ('image297.png'),
	 ('image298.png'),
	 ('image299.png'),
	 ('image300.png');
INSERT INTO public.images (title) VALUES
	 ('image301.png'),
	 ('image302.png'),
	 ('image303.png'),
	 ('image304.png'),
	 ('image305.png'),
	 ('image306.png'),
	 ('image307.png'),
	 ('image308.png'),
	 ('image309.png'),
	 ('image310.png');
INSERT INTO public.images (title) VALUES
	 ('image311.png'),
	 ('image312.png'),
	 ('image313.png'),
	 ('image314.png'),
	 ('image315.png'),
	 ('image316.png'),
	 ('image317.png'),
	 ('image318.png'),
	 ('image319.png'),
	 ('image320.png');
INSERT INTO public.images (title) VALUES
	 ('image321.png'),
	 ('image322.png'),
	 ('image323.png'),
	 ('image324.png'),
	 ('image325.png'),
	 ('image326.png'),
	 ('image327.png'),
	 ('image328.png'),
	 ('image329.png'),
	 ('image330.png');
INSERT INTO public.images (title) VALUES
	 ('image331.png'),
	 ('image332.png'),
	 ('image333.png'),
	 ('image334.png'),
	 ('image335.png'),
	 ('image336.png'),
	 ('image337.png'),
	 ('image338.png'),
	 ('image339.png'),
	 ('image340.png');
INSERT INTO public.images (title) VALUES
	 ('image341.png'),
	 ('image342.png'),
	 ('image343.png'),
	 ('image344.png'),
	 ('image345.png'),
	 ('image346.png'),
	 ('image347.png'),
	 ('image348.png'),
	 ('image349.png'),
	 ('image350.png');
INSERT INTO public.images (title) VALUES
	 ('image351.png'),
	 ('image352.png'),
	 ('image353.png'),
	 ('image354.png'),
	 ('image355.png'),
	 ('image356.png'),
	 ('image357.png'),
	 ('image358.png'),
	 ('image359.png'),
	 ('image360.png');
INSERT INTO public.images (title) VALUES
	 ('image361.png'),
	 ('image362.png'),
	 ('image363.png'),
	 ('image364.png'),
	 ('image365.png'),
	 ('image366.png'),
	 ('image367.png'),
	 ('image368.png'),
	 ('image369.png'),
	 ('image370.png');
INSERT INTO public.images (title) VALUES
	 ('image371.png'),
	 ('image372.png'),
	 ('image373.png'),
	 ('image374.png'),
	 ('image375.png'),
	 ('image376.png'),
	 ('image377.png'),
	 ('image378.png'),
	 ('image379.png'),
	 ('image380.png');
INSERT INTO public.images (title) VALUES
	 ('image381.png'),
	 ('image382.png'),
	 ('image383.png'),
	 ('image384.png'),
	 ('image385.png'),
	 ('image386.png'),
	 ('image387.png'),
	 ('image388.png'),
	 ('image389.png'),
	 ('image390.png');
INSERT INTO public.images (title) VALUES
	 ('image391.png'),
	 ('image392.png'),
	 ('image393.png'),
	 ('image394.png'),
	 ('image395.png'),
	 ('image396.png'),
	 ('image397.png'),
	 ('image398.png'),
	 ('image399.png'),
	 ('image400.png');
INSERT INTO public.images (title) VALUES
	 ('image401.png'),
	 ('image402.png'),
	 ('image403.png'),
	 ('image404.png'),
	 ('image405.png'),
	 ('image406.png'),
	 ('image407.png'),
	 ('image408.png'),
	 ('image409.png'),
	 ('image410.png');
INSERT INTO public.images (title) VALUES
	 ('image411.png'),
	 ('image412.png'),
	 ('image413.png'),
	 ('image414.png'),
	 ('image415.png'),
	 ('image416.png'),
	 ('image417.png'),
	 ('image418.png'),
	 ('image419.png'),
	 ('image420.png');
INSERT INTO public.images (title) VALUES
	 ('image421.png'),
	 ('image422.png'),
	 ('image423.png'),
	 ('image424.png'),
	 ('image425.png'),
	 ('image426.png'),
	 ('image427.png'),
	 ('image428.png'),
	 ('image429.png'),
	 ('image430.png');
INSERT INTO public.images (title) VALUES
	 ('image431.png'),
	 ('image432.png'),
	 ('image433.png'),
	 ('image434.png'),
	 ('image435.png'),
	 ('image436.png'),
	 ('image437.png'),
	 ('image438.png'),
	 ('image439.png'),
	 ('image440.png');
INSERT INTO public.images (title) VALUES
	 ('image441.png'),
	 ('image442.png'),
	 ('image443.png'),
	 ('image444.png'),
	 ('image445.png'),
	 ('image446.png'),
	 ('image447.png'),
	 ('image448.png'),
	 ('image449.png'),
	 ('image450.png');
INSERT INTO public.images (title) VALUES
	 ('image451.png'),
	 ('image452.png'),
	 ('image453.png'),
	 ('image454.png'),
	 ('image455.png'),
	 ('image456.png'),
	 ('image457.png'),
	 ('image458.png'),
	 ('image459.png'),
	 ('image460.png');
INSERT INTO public.images (title) VALUES
	 ('image461.png'),
	 ('image462.png'),
	 ('image463.png'),
	 ('image464.png'),
	 ('image465.png'),
	 ('image466.png'),
	 ('image467.png'),
	 ('image468.png'),
	 ('image469.png'),
	 ('image470.png');
INSERT INTO public.images (title) VALUES
	 ('image471.png'),
	 ('image472.png'),
	 ('image473.png'),
	 ('image474.png'),
	 ('image475.png'),
	 ('image476.png'),
	 ('image477.png'),
	 ('image478.png'),
	 ('image479.png'),
	 ('image480.png');
INSERT INTO public.images (title) VALUES
	 ('image481.png'),
	 ('image482.png'),
	 ('image483.png'),
	 ('image484.png'),
	 ('image485.png'),
	 ('image486.png'),
	 ('image487.png'),
	 ('image488.png'),
	 ('image489.png'),
	 ('image490.png');
INSERT INTO public.images (title) VALUES
	 ('image491.png'),
	 ('image492.png'),
	 ('image493.png'),
	 ('image494.png'),
	 ('image495.png'),
	 ('image496.png'),
	 ('image497.png'),
	 ('image498.png'),
	 ('image499.png'),
	 ('image500.png');
INSERT INTO public.images (title) VALUES
	 ('image501.png'),
	 ('image502.png'),
	 ('image503.png'),
	 ('image504.png'),
	 ('image505.png'),
	 ('image506.png'),
	 ('image507.png'),
	 ('image508.png'),
	 ('image509.png'),
	 ('image510.png');
INSERT INTO public.images (title) VALUES
	 ('image511.png'),
	 ('image512.png'),
	 ('image513.png'),
	 ('image514.png'),
	 ('image515.png'),
	 ('image516.png'),
	 ('image517.png'),
	 ('image518.png'),
	 ('image519.png'),
	 ('image520.png');
INSERT INTO public.images (title) VALUES
	 ('image521.png'),
	 ('image522.png'),
	 ('image523.png'),
	 ('image524.png'),
	 ('image525.png'),
	 ('image526.png'),
	 ('image527.png'),
	 ('image528.png'),
	 ('image529.png'),
	 ('image530.png');
INSERT INTO public.images (title) VALUES
	 ('image531.png'),
	 ('image532.png'),
	 ('image533.png'),
	 ('image534.png'),
	 ('image535.png'),
	 ('image536.png'),
	 ('image537.png'),
	 ('image538.png'),
	 ('image539.png'),
	 ('image540.png');
INSERT INTO public.images (title) VALUES
	 ('image541.png'),
	 ('image542.png'),
	 ('image543.png'),
	 ('image544.png'),
	 ('image545.png'),
	 ('image546.png'),
	 ('image547.png'),
	 ('image548.png'),
	 ('image549.png'),
	 ('image550.png');
INSERT INTO public.images (title) VALUES
	 ('image551.png'),
	 ('image552.png'),
	 ('image553.png'),
	 ('image554.png'),
	 ('image555.png'),
	 ('image556.png'),
	 ('image557.png'),
	 ('image558.png'),
	 ('image559.png'),
	 ('image560.png');
INSERT INTO public.images (title) VALUES
	 ('image561.png'),
	 ('image562.png'),
	 ('image563.png'),
	 ('image564.png'),
	 ('image565.png'),
	 ('image566.png'),
	 ('image567.png'),
	 ('image568.png'),
	 ('image569.png'),
	 ('image570.png');
INSERT INTO public.images (title) VALUES
	 ('image571.png'),
	 ('image572.png'),
	 ('image573.png'),
	 ('image574.png'),
	 ('image575.png'),
	 ('image576.png'),
	 ('image577.png'),
	 ('image578.png'),
	 ('image579.png'),
	 ('image580.png');
INSERT INTO public.images (title) VALUES
	 ('image581.png'),
	 ('image582.png'),
	 ('image583.png'),
	 ('image584.png'),
	 ('image585.png'),
	 ('image586.png'),
	 ('image587.png'),
	 ('image588.png'),
	 ('image589.png'),
	 ('image590.png');
INSERT INTO public.images (title) VALUES
	 ('image591.png'),
	 ('image592.png'),
	 ('image593.png'),
	 ('image594.png'),
	 ('image595.png'),
	 ('image596.png'),
	 ('image597.png'),
	 ('image598.png'),
	 ('image599.png'),
	 ('image600.png');
INSERT INTO public.images (title) VALUES
	 ('image601.png'),
	 ('image602.png'),
	 ('image603.png'),
	 ('image604.png'),
	 ('image605.png'),
	 ('image606.png'),
	 ('image607.png'),
	 ('image608.png'),
	 ('image609.png'),
	 ('image610.png');
INSERT INTO public.images (title) VALUES
	 ('image611.png'),
	 ('image612.png'),
	 ('image613.png'),
	 ('image614.png'),
	 ('image615.png'),
	 ('image616.png'),
	 ('image617.png'),
	 ('image618.png'),
	 ('image619.png'),
	 ('image620.png');
INSERT INTO public.images (title) VALUES
	 ('image621.png'),
	 ('image622.png'),
	 ('image623.png'),
	 ('image624.png'),
	 ('image625.png'),
	 ('image626.png'),
	 ('image627.png'),
	 ('image628.png'),
	 ('image629.png'),
	 ('image630.png');
INSERT INTO public.images (title) VALUES
	 ('image631.png'),
	 ('image632.png'),
	 ('image633.png'),
	 ('image634.png'),
	 ('image635.png'),
	 ('image636.png'),
	 ('image637.png'),
	 ('image638.png'),
	 ('image639.png'),
	 ('image640.png');
INSERT INTO public.images (title) VALUES
	 ('image641.png'),
	 ('image642.png'),
	 ('image643.png'),
	 ('image644.png'),
	 ('image645.png'),
	 ('image646.png'),
	 ('image647.png'),
	 ('image648.png'),
	 ('image649.png'),
	 ('image650.png');
INSERT INTO public.images (title) VALUES
	 ('image651.png'),
	 ('image652.png'),
	 ('image653.png'),
	 ('image654.png'),
	 ('image655.png'),
	 ('image656.png'),
	 ('image657.png'),
	 ('image658.png'),
	 ('image659.png'),
	 ('image660.png');
INSERT INTO public.images (title) VALUES
	 ('image661.png'),
	 ('image662.png'),
	 ('image663.png'),
	 ('image664.png'),
	 ('image665.png'),
	 ('image666.png'),
	 ('image667.png'),
	 ('image668.png'),
	 ('image669.png'),
	 ('image670.png');
INSERT INTO public.images (title) VALUES
	 ('image671.png'),
	 ('image672.png'),
	 ('image673.png'),
	 ('image674.png'),
	 ('image675.png'),
	 ('image676.png'),
	 ('image677.png'),
	 ('image678.png'),
	 ('image679.png'),
	 ('image680.png');
INSERT INTO public.images (title) VALUES
	 ('image681.png'),
	 ('image682.png'),
	 ('image683.png'),
	 ('image684.png'),
	 ('image685.png'),
	 ('image686.png'),
	 ('image687.png'),
	 ('image688.png'),
	 ('image689.png'),
	 ('image690.png');
INSERT INTO public.images (title) VALUES
	 ('image691.png'),
	 ('image692.png'),
	 ('image693.png'),
	 ('image694.png'),
	 ('image695.png'),
	 ('image696.png'),
	 ('image697.png'),
	 ('image698.png'),
	 ('image699.png'),
	 ('image700.png');
INSERT INTO public.images (title) VALUES
	 ('image701.png'),
	 ('image702.png'),
	 ('image703.png'),
	 ('image704.png'),
	 ('image705.png'),
	 ('image706.png'),
	 ('image707.png'),
	 ('image708.png'),
	 ('image709.png'),
	 ('image710.png');
INSERT INTO public.images (title) VALUES
	 ('image711.png'),
	 ('image712.png'),
	 ('image713.png'),
	 ('image714.png'),
	 ('image715.png'),
	 ('image716.png'),
	 ('image717.png'),
	 ('image718.png'),
	 ('image719.png'),
	 ('image720.png');
INSERT INTO public.images (title) VALUES
	 ('image721.png'),
	 ('image722.png'),
	 ('image723.png'),
	 ('image724.png'),
	 ('image725.png'),
	 ('image726.png'),
	 ('image727.png'),
	 ('image728.png'),
	 ('image729.png'),
	 ('image730.png');
INSERT INTO public.images (title) VALUES
	 ('image731.png'),
	 ('image732.png'),
	 ('image733.png'),
	 ('image734.png'),
	 ('image735.png'),
	 ('image736.png'),
	 ('image737.png'),
	 ('image738.png'),
	 ('image739.png'),
	 ('image740.png');
INSERT INTO public.images (title) VALUES
	 ('image741.png'),
	 ('image742.png'),
	 ('image743.png'),
	 ('image744.png'),
	 ('image745.png'),
	 ('image746.png'),
	 ('image747.png'),
	 ('image748.png'),
	 ('image749.png'),
	 ('image750.png');
INSERT INTO public.images (title) VALUES
	 ('image751.png'),
	 ('image752.png'),
	 ('image753.png'),
	 ('image754.png'),
	 ('image755.png'),
	 ('image756.png'),
	 ('image757.png'),
	 ('image758.png'),
	 ('image759.png'),
	 ('image760.png');
INSERT INTO public.images (title) VALUES
	 ('image761.png'),
	 ('image762.png'),
	 ('image763.png'),
	 ('image764.png'),
	 ('image765.png'),
	 ('image766.png'),
	 ('image767.png'),
	 ('image768.png'),
	 ('image769.png'),
	 ('image770.png');
INSERT INTO public.images (title) VALUES
	 ('image771.png'),
	 ('image772.png'),
	 ('image773.png'),
	 ('image774.png'),
	 ('image775.png'),
	 ('image776.png'),
	 ('image777.png'),
	 ('image778.png'),
	 ('image779.png'),
	 ('image780.png');
INSERT INTO public.images (title) VALUES
	 ('image781.png'),
	 ('image782.png'),
	 ('image783.png'),
	 ('image784.png'),
	 ('image785.png'),
	 ('image786.png'),
	 ('image787.png'),
	 ('image788.png'),
	 ('image789.png'),
	 ('image790.png');
INSERT INTO public.images (title) VALUES
	 ('image791.png'),
	 ('image792.png'),
	 ('image793.png'),
	 ('image794.png'),
	 ('image795.png'),
	 ('image796.png'),
	 ('image797.png'),
	 ('image798.png'),
	 ('image799.png'),
	 ('image800.png');
INSERT INTO public.images (title) VALUES
	 ('image801.png'),
	 ('image802.png'),
	 ('image803.png'),
	 ('image804.png'),
	 ('image805.png'),
	 ('image806.png'),
	 ('image807.png'),
	 ('image808.png'),
	 ('image809.png'),
	 ('image810.png');
INSERT INTO public.images (title) VALUES
	 ('image811.png'),
	 ('image812.png'),
	 ('image813.png'),
	 ('image814.png'),
	 ('image815.png'),
	 ('image816.png'),
	 ('image817.png'),
	 ('image818.png'),
	 ('image819.png'),
	 ('image820.png');
INSERT INTO public.images (title) VALUES
	 ('image821.png'),
	 ('image822.png'),
	 ('image823.png'),
	 ('image824.png'),
	 ('image825.png'),
	 ('image826.png'),
	 ('image827.png'),
	 ('image828.png'),
	 ('image829.png'),
	 ('image830.png');
INSERT INTO public.images (title) VALUES
	 ('image831.png'),
	 ('image832.png'),
	 ('image833.png'),
	 ('image834.png'),
	 ('image835.png'),
	 ('image836.png'),
	 ('image837.png'),
	 ('image838.png'),
	 ('image839.png'),
	 ('image840.png');
INSERT INTO public.images (title) VALUES
	 ('image841.png'),
	 ('image842.png'),
	 ('image843.png'),
	 ('image844.png'),
	 ('image845.png'),
	 ('image846.png'),
	 ('image847.png'),
	 ('image848.png'),
	 ('image849.png'),
	 ('image850.png');
INSERT INTO public.images (title) VALUES
	 ('image851.png'),
	 ('image852.png'),
	 ('image853.png'),
	 ('image854.png'),
	 ('image855.png'),
	 ('image856.png'),
	 ('image857.png'),
	 ('image858.png'),
	 ('image859.png'),
	 ('image860.png');
INSERT INTO public.images (title) VALUES
	 ('image861.png'),
	 ('image862.png'),
	 ('image863.png'),
	 ('image864.png'),
	 ('image865.png'),
	 ('image866.png'),
	 ('image867.png'),
	 ('image868.png'),
	 ('image869.png'),
	 ('image870.png');
INSERT INTO public.images (title) VALUES
	 ('image871.png'),
	 ('image872.png'),
	 ('image873.png'),
	 ('image874.png'),
	 ('image875.png'),
	 ('image876.png'),
	 ('image877.png'),
	 ('image878.png'),
	 ('image879.png'),
	 ('image880.png');
INSERT INTO public.images (title) VALUES
	 ('image881.png'),
	 ('image882.png'),
	 ('image883.png'),
	 ('image884.png'),
	 ('image885.png'),
	 ('image886.png'),
	 ('image887.png'),
	 ('image888.png'),
	 ('image889.png'),
	 ('image890.png');
INSERT INTO public.images (title) VALUES
	 ('image891.png'),
	 ('image892.png'),
	 ('image893.png'),
	 ('image894.png'),
	 ('image895.png'),
	 ('image896.png'),
	 ('image897.png'),
	 ('image898.png'),
	 ('image899.png'),
	 ('image900.png');
INSERT INTO public.images (title) VALUES
	 ('image901.png'),
	 ('image902.png'),
	 ('image903.png'),
	 ('image904.png'),
	 ('image905.png'),
	 ('image906.png'),
	 ('image907.png'),
	 ('image908.png'),
	 ('image909.png'),
	 ('image910.png');
INSERT INTO public.images (title) VALUES
	 ('image911.png'),
	 ('image912.png'),
	 ('image913.png'),
	 ('image914.png'),
	 ('image915.png'),
	 ('image916.png'),
	 ('image917.png'),
	 ('image918.png'),
	 ('image919.png'),
	 ('image920.png');
INSERT INTO public.images (title) VALUES
	 ('image921.png'),
	 ('image922.png'),
	 ('image923.png'),
	 ('image924.png'),
	 ('image925.png'),
	 ('image926.png'),
	 ('image927.png'),
	 ('image928.png'),
	 ('image929.png'),
	 ('image930.png');
INSERT INTO public.images (title) VALUES
	 ('image931.png'),
	 ('image932.png'),
	 ('image933.png'),
	 ('image934.png'),
	 ('image935.png'),
	 ('image936.png'),
	 ('image937.png'),
	 ('image938.png'),
	 ('image939.png'),
	 ('image940.png');
INSERT INTO public.images (title) VALUES
	 ('image941.png'),
	 ('image942.png'),
	 ('image943.png'),
	 ('image944.png'),
	 ('image945.png'),
	 ('image946.png'),
	 ('image947.png'),
	 ('image948.png'),
	 ('image949.png'),
	 ('image950.png');
INSERT INTO public.images (title) VALUES
	 ('image951.png'),
	 ('image952.png'),
	 ('image953.png'),
	 ('image954.png'),
	 ('image955.png'),
	 ('image956.png'),
	 ('image957.png'),
	 ('image958.png'),
	 ('image959.png'),
	 ('image960.png');
INSERT INTO public.images (title) VALUES
	 ('image961.png'),
	 ('image962.png'),
	 ('image963.png'),
	 ('image964.png'),
	 ('image965.png'),
	 ('image966.png'),
	 ('image967.png'),
	 ('image968.png'),
	 ('image969.png'),
	 ('image970.png');
INSERT INTO public.images (title) VALUES
	 ('image971.png'),
	 ('image972.png'),
	 ('image973.png'),
	 ('image974.png'),
	 ('image975.png'),
	 ('image976.png'),
	 ('image977.png'),
	 ('image978.png'),
	 ('image979.png'),
	 ('image980.png');
INSERT INTO public.images (title) VALUES
	 ('image981.png'),
	 ('image982.png'),
	 ('image983.png'),
	 ('image984.png'),
	 ('image985.png'),
	 ('image986.png'),
	 ('image987.png'),
	 ('image988.png'),
	 ('image989.png'),
	 ('image990.png');
INSERT INTO public.images (title) VALUES
	 ('image991.png'),
	 ('image992.png'),
	 ('image993.png'),
	 ('image994.png'),
	 ('image995.png'),
	 ('image996.png'),
	 ('image997.png'),
	 ('image998.png'),
	 ('image999.png'),
	 ('image1000.png');
INSERT INTO public.images (title) VALUES
	 ('image1001.png'),
	 ('image1002.png'),
	 ('image1003.png'),
	 ('image1004.png'),
	 ('image1005.png'),
	 ('image1006.png'),
	 ('image1007.png'),
	 ('image1008.png'),
	 ('image1009.png'),
	 ('image1010.png');
INSERT INTO public.images (title) VALUES
	 ('image1011.png'),
	 ('image1012.png'),
	 ('image1013.png'),
	 ('image1014.png'),
	 ('image1015.png'),
	 ('image1016.png'),
	 ('image1017.png'),
	 ('image1018.png'),
	 ('image1019.png'),
	 ('image1020.png');
INSERT INTO public.images (title) VALUES
	 ('image1021.png'),
	 ('image1022.png'),
	 ('image1023.png'),
	 ('image1024.png'),
	 ('image1025.png'),
	 ('image1026.png'),
	 ('image1027.png'),
	 ('image1028.png'),
	 ('image1029.png'),
	 ('image1030.png');
INSERT INTO public.images (title) VALUES
	 ('image1031.png'),
	 ('image1032.png'),
	 ('image1033.png'),
	 ('image1034.png'),
	 ('image1035.png'),
	 ('image1036.png'),
	 ('image1037.png'),
	 ('image1038.png'),
	 ('image1039.png'),
	 ('image1040.png');
INSERT INTO public.images (title) VALUES
	 ('image1041.png'),
	 ('image1042.png'),
	 ('image1043.png'),
	 ('image1044.png'),
	 ('image1045.png'),
	 ('image1046.png'),
	 ('image1047.png'),
	 ('image1048.png'),
	 ('image1049.png'),
	 ('image1050.png');
INSERT INTO public.images (title) VALUES
	 ('image1051.png'),
	 ('image1052.png'),
	 ('image1053.png'),
	 ('image1054.png'),
	 ('image1055.png'),
	 ('image1056.png'),
	 ('image1057.png'),
	 ('image1058.png'),
	 ('image1059.png'),
	 ('image1060.png');
INSERT INTO public.images (title) VALUES
	 ('image1061.png'),
	 ('image1062.png'),
	 ('image1063.png'),
	 ('image1064.png'),
	 ('image1065.png'),
	 ('image1066.png'),
	 ('image1067.png'),
	 ('image1068.png'),
	 ('image1069.png'),
	 ('image1070.png');
INSERT INTO public.images (title) VALUES
	 ('image1071.png'),
	 ('image1072.png'),
	 ('image1073.png'),
	 ('image1074.png'),
	 ('image1075.png'),
	 ('image1076.png'),
	 ('image1077.png'),
	 ('image1078.png'),
	 ('image1079.png'),
	 ('image1080.png');
INSERT INTO public.images (title) VALUES
	 ('image1081.png'),
	 ('image1082.png'),
	 ('image1083.png'),
	 ('image1084.png');
INSERT INTO public.roles (title) VALUES
	 ('Участник'),
	 ('Модератор'),
	 ('Организатор'),
	 ('Жюри');
INSERT INTO public.schedule (id_winner,id_event) VALUES
	 (1,1),
	 (3,2),
	 (5,3),
	 (7,4),
	 (8,5),
	 (10,6),
	 (9,7),
	 (13,8),
	 (15,9),
	 (17,10);
INSERT INTO public.schedule_activity (id_schedule,id_activity,id_moderator,number_day,start_time) VALUES
	 (1,1,1,1,'09:00:00'),
	 (1,2,2,2,'10:45:00'),
	 (1,3,3,2,'12:30:00'),
	 (2,4,4,1,'09:00:00'),
	 (2,5,1,2,'10:45:00'),
	 (2,6,6,2,'12:30:00'),
	 (3,7,7,1,'09:00:00'),
	 (3,8,8,2,'10:45:00'),
	 (3,9,9,2,'12:30:00'),
	 (4,10,10,1,'09:00:00');
INSERT INTO public.schedule_activity (id_schedule,id_activity,id_moderator,number_day,start_time) VALUES
	 (4,11,11,1,'10:45:00'),
	 (4,12,12,2,'12:30:00'),
	 (5,13,13,1,'09:00:00'),
	 (5,14,14,2,'10:45:00'),
	 (5,15,15,3,'12:30:00'),
	 (6,16,16,1,'09:00:00'),
	 (6,17,17,1,'10:45:00'),
	 (6,18,18,1,'12:30:00'),
	 (7,19,19,1,'09:00:00'),
	 (7,20,20,1,'10:45:00');
INSERT INTO public.schedule_activity (id_schedule,id_activity,id_moderator,number_day,start_time) VALUES
	 (7,21,21,2,'12:30:00'),
	 (8,22,2,1,'09:00:00'),
	 (8,23,3,1,'10:45:00'),
	 (8,24,4,1,'16:00:00'),
	 (9,25,8,1,'09:00:00'),
	 (9,26,9,2,'10:45:00'),
	 (9,27,10,2,'12:30:00'),
	 (10,28,12,1,'09:00:00'),
	 (10,29,13,1,'10:45:00'),
	 (10,30,14,2,'12:30:00');
INSERT INTO public.shedule_activity_jure (id_schedule_activity,id_jure) VALUES
	 (1,1),
	 (1,7),
	 (1,8),
	 (1,2),
	 (2,2),
	 (2,8),
	 (2,9),
	 (2,3),
	 (2,8),
	 (3,3);
INSERT INTO public.shedule_activity_jure (id_schedule_activity,id_jure) VALUES
	 (3,9),
	 (3,10),
	 (3,4),
	 (3,9),
	 (4,5),
	 (4,1),
	 (4,7),
	 (4,8),
	 (4,2),
	 (5,6);
INSERT INTO public.shedule_activity_jure (id_schedule_activity,id_jure) VALUES
	 (5,2),
	 (5,8),
	 (5,9),
	 (5,3),
	 (6,7),
	 (6,3),
	 (6,9),
	 (6,10),
	 (6,4),
	 (7,5);
INSERT INTO public.shedule_activity_jure (id_schedule_activity,id_jure) VALUES
	 (7,2),
	 (7,1),
	 (7,7),
	 (7,8),
	 (8,6),
	 (8,3),
	 (8,2),
	 (8,8),
	 (8,9),
	 (9,7);
INSERT INTO public.shedule_activity_jure (id_schedule_activity,id_jure) VALUES
	 (9,4),
	 (9,3),
	 (9,9),
	 (9,10),
	 (10,2),
	 (10,5),
	 (10,8),
	 (10,1),
	 (10,7),
	 (11,3);
INSERT INTO public.shedule_activity_jure (id_schedule_activity,id_jure) VALUES
	 (11,6),
	 (11,9),
	 (11,2),
	 (11,8),
	 (12,4),
	 (12,7),
	 (12,10),
	 (12,3),
	 (12,9),
	 (13,5);
INSERT INTO public.shedule_activity_jure (id_schedule_activity,id_jure) VALUES
	 (13,8),
	 (13,2),
	 (13,7),
	 (13,1),
	 (14,6),
	 (14,9),
	 (14,3),
	 (14,8),
	 (14,2),
	 (15,7);
INSERT INTO public.shedule_activity_jure (id_schedule_activity,id_jure) VALUES
	 (15,10),
	 (15,4),
	 (15,9),
	 (15,3),
	 (16,8),
	 (16,5),
	 (16,7),
	 (16,4),
	 (16,2),
	 (17,9);
INSERT INTO public.shedule_activity_jure (id_schedule_activity,id_jure) VALUES
	 (17,6),
	 (17,8),
	 (17,5),
	 (17,3),
	 (18,10),
	 (18,7),
	 (18,9),
	 (18,6),
	 (18,4),
	 (19,5);
INSERT INTO public.shedule_activity_jure (id_schedule_activity,id_jure) VALUES
	 (19,7),
	 (19,4),
	 (19,2),
	 (19,8),
	 (20,6),
	 (20,8),
	 (20,5),
	 (20,3),
	 (20,9),
	 (21,7);
INSERT INTO public.shedule_activity_jure (id_schedule_activity,id_jure) VALUES
	 (21,9),
	 (21,6),
	 (21,4),
	 (22,7),
	 (22,4),
	 (22,8),
	 (22,5),
	 (22,2),
	 (23,8),
	 (23,5);
INSERT INTO public.shedule_activity_jure (id_schedule_activity,id_jure) VALUES
	 (23,9),
	 (23,6),
	 (23,3),
	 (24,9),
	 (24,6),
	 (24,10),
	 (24,7),
	 (24,4),
	 (25,4),
	 (25,7);
INSERT INTO public.shedule_activity_jure (id_schedule_activity,id_jure) VALUES
	 (25,2),
	 (25,8),
	 (25,8),
	 (26,5),
	 (26,8),
	 (26,3),
	 (26,9),
	 (26,9),
	 (27,6),
	 (27,9);
INSERT INTO public.shedule_activity_jure (id_schedule_activity,id_jure) VALUES
	 (27,4),
	 (27,10),
	 (28,7),
	 (28,4),
	 (28,2),
	 (28,5),
	 (28,8),
	 (29,8),
	 (29,5),
	 (29,3);
INSERT INTO public.shedule_activity_jure (id_schedule_activity,id_jure) VALUES
	 (29,6),
	 (29,9),
	 (30,9),
	 (30,6),
	 (30,4),
	 (30,7),
	 (30,10);
INSERT INTO public.type_of_events (title) VALUES
	 ('IT в бизнесе'),
	 ('Разработка приложений'),
	 ('IT-инфраструктура'),
	 ('Стартапы'),
	 ('Информационная безопасность');
INSERT INTO public.users (date_of_bitrh,id_counrty,id_direction,"password",image,last_name,first_name,patronymic,email,phone_number,id_gender,id_role,id_type_of_events) VALUES
	 ('1974-01-22',73,1,'4VUmGj4t36','foto9.jpg','Покровский','Роман','Дмитриевич','i8brhz2gyx4j@gmail.com','7(416)870-22-00',2,2,1),
	 ('1957-06-12',47,1,'b9zAs99XD3','foto10.jpg','Чернышев','Ярослав','Андреевич','dic8qah9zbot@mail.com','7(278)138-47-92',2,2,1),
	 ('1960-05-29',21,2,'n6cx69AM4T','foto8.jpg','Суворова','Ева','Алексеевна','o3gmly907wcn@mail.com','7(093)787-84-57',1,2,2),
	 ('1996-08-11',96,3,'P8c83u5fUR','foto11.jpg','Лосева','Аделина','Георгиевна','qz901omryb7j@mail.com','7(699)704-90-18',1,2,3),
	 ('1968-09-23',79,2,'f7S5zxH58B','foto12.jpg','Покровский','Марк','Максимович','m93nsaih4kl8@yahoo.com','7(312)920-22-96',2,2,2),
	 ('1989-01-20',72,4,'c2vGi532VN','foto13.jpg','Акимова','София','Александровна','qgb9ea8wnl50@mail.com','7(714)693-32-92',1,2,4),
	 ('1998-05-01',63,1,'8jZ5LL2a2n','foto14.jpg','Майоров','Александр','Михайлович','rzsj6wqd42vt@yahoo.com','7(605)246-65-83',2,2,1),
	 ('1982-05-24',72,5,'D44jjR45gH','foto16.jpg','Прохорова','Анна','Фёдоровна','wg9h3ixavl25@tutanota.com','7(037)333-08-17',1,2,5),
	 ('1969-03-28',64,2,'2c73vxTLP9','foto17.jpg','Соловьев','Иван','Дмитриевич','2nib6c5vl18k@outlook.com','7(594)615-77-80',2,2,2),
	 ('1980-10-30',48,4,'69S6fMzeM2','foto18.jpg','Лебедева','Виктория','Марковна','wbs3znh5uxfr@tutanota.com','7(596)301-43-97',1,2,4);
INSERT INTO public.users (date_of_bitrh,id_counrty,id_direction,"password",image,last_name,first_name,patronymic,email,phone_number,id_gender,id_role,id_type_of_events) VALUES
	 ('1998-02-08',46,4,'j7TMm92s9X','foto19.jpg','Шишкина','Светлана','Александровна','yl9hxt5dzajv@tutanota.com','7(181)588-68-39',1,2,4),
	 ('1978-01-27',76,5,'XU5b8N42th','foto20.jpg','Юдина','Татьяна','Максимовна','4rqfa385p9gz@mail.com','7(442)333-89-12',1,2,5),
	 ('1953-05-31',24,3,'6R82k4nFnX','foto21.jpg','Рябинин','Григорий','Матвеевич','ox7k5w6l04mi@gmail.com','7(377)251-56-96',2,2,3),
	 ('1975-12-24',79,3,'eC445cE8Yd','foto22.jpg','Тарасова','Валерия','Егоровна','a8071jvd2m6z@tutanota.com','7(575)142-09-75',1,2,3),
	 ('1976-05-12',6,3,'8T69Vef8Er','foto23.jpg','Алексеев','Михаил','Глебович','qxel0og2ps4t@gmail.com','7(979)385-40-57',2,2,3),
	 ('1973-05-09',72,5,'34nYAv56Cs','foto24.jpg','Иванова','Виктория','Павловна','ixut6e0cnd84@gmail.com','7(901)002-16-80',1,2,5),
	 ('1962-08-26',98,5,'ru6x7PT2V4','foto25.jpg','Богданова','Олеся','Евгеньевна','es06joah3pfu@gmail.com','7(272)350-20-30',1,2,5),
	 ('1988-11-23',39,2,'a7pXZ78a2J','foto26.jpg','Иванов','Фёдор','Тимофеевич','0kmd26jfi859@mail.com','7(812)026-33-34',2,2,2),
	 ('1962-05-05',13,4,'8uTv4L8Cg4','foto27.jpg','Кузнецов','Семён','Владиславович','mn7bawsorg51@outlook.com','7(550)677-95-09',2,2,4),
	 ('1989-01-13',20,5,'6VM3r9jmS5','foto28.jpg','Шульгина','Елизавета','Денисовна','1os2bmtpg6nv@mail.com','7(596)221-45-84',1,2,5);
INSERT INTO public.users (date_of_bitrh,id_counrty,id_direction,"password",image,last_name,first_name,patronymic,email,phone_number,id_gender,id_role,id_type_of_events) VALUES
	 ('1987-04-25',7,2,'c6m4L2ZD9j','foto29.jpg','Петрова','Василиса','Георгиевна','vbpjslo28w6d@mail.com','7(588)448-48-41',1,2,2),
	 ('1989-01-05',1,NULL,'JyP2M2ji63','foto1.jpg','Скворцов','Михаил','Артёмович','3swfq0n756y1@mail.com','7(329)246-20-13',2,3,NULL),
	 ('1980-09-01',87,NULL,'8fb3RJT8c6','foto2.jpg','Романова','Анастасия','Тимофеевна','wukm6dacf7v0@gmail.com','7(226)494-15-47',1,3,NULL),
	 ('1981-03-02',10,NULL,'2T2xCYef86','foto3.jpg','Белкин','Дмитрий','Александрович','5ku2w7nqzvot@gmail.com','7(725)164-24-56',2,3,NULL),
	 ('1981-09-12',63,NULL,'nG7xGVi892','foto4.jpg','Лаврова','Анастасия','Маратовна','8s54jayek2mt@outlook.com','7(388)191-50-31',1,3,NULL),
	 ('1983-07-14',69,NULL,'Ka74TC2r7m','foto5.jpg','Громова','Виктория','Матвеевна','dlm7wocnzhtp@mail.com','7(581)960-76-73',1,3,NULL),
	 ('1980-08-06',78,NULL,'fk9BHN2g96','foto6.jpg','Карпов','Алексей','Артёмович','ekibvrcm71a6@gmail.com','7(959)240-88-47',2,3,NULL),
	 ('1995-11-10',59,NULL,'9nM7A9Mtv5','foto7.jpg','Прохоров','Максим','Серафимович','70rkvgtfjswm@gmail.com','7(466)705-98-66',2,3,NULL),
	 ('1984-11-20',28,NULL,'d6UAu83Sd8','foto8.jpg','Мешков','Даниил','Николаевич','vy3ajxkge8p7@mail.com','7(640)704-75-62',2,3,NULL),
	 ('1989-01-14',57,NULL,'JS4K8pr54u','foto9.jpg','Рябова','Алиса','Викторовна','tkgduj6na1hm@gmail.com','7(500)841-51-43',1,3,NULL);
INSERT INTO public.users (date_of_bitrh,id_counrty,id_direction,"password",image,last_name,first_name,patronymic,email,phone_number,id_gender,id_role,id_type_of_events) VALUES
	 ('1981-12-21',63,NULL,'42xF46LVkh','foto10.jpg','Соловьев','Демид','Артёмович','uw846cn27x9k@outlook.com','7(053)696-95-19',2,3,NULL),
	 ('1991-02-08',68,NULL,'nOEBrK','foto12.jpg','Корнилов','Владимир','Степанович','4sqplurb5eki@gmail.com','7(821)277-59-90',2,1,NULL),
	 ('1980-02-11',71,NULL,'TImO7k','foto13.jpg','Трофимов','Любомир','Русланович','m73dobuzn6jc@gmail.com','7(821)611-43-32',2,1,NULL),
	 ('1989-01-14',91,NULL,'PtwSEA','foto14.jpg','Симонов','Остап','Федотович','9mtkjdsrhp2c@yahoo.com','7(821)779-78-75',2,1,NULL),
	 ('1994-07-30',81,NULL,'EzwyiP','foto15.jpg','Захаров','Арнольд','Германнович','wxey0gmcjuz2@mail.com','7(821)819-98-39',2,1,NULL),
	 ('1973-01-15',18,NULL,'pEVpH3','foto16.jpg','Фокин','Клемент','Игнатьевич','lqih53fw9ryx@tutanota.com','7(821)177-06-74',2,1,NULL),
	 ('1981-06-24',80,NULL,'eEJ83V','foto17.jpg','Захаров','Аверкий','Альбертович','p473g2jlcmhi@outlook.com','7(821)856-28-93',2,1,NULL),
	 ('1977-06-26',45,NULL,'0Utzck','foto18.jpg','Егоров','Афанасий','Тарасович','t1dg96ikvorc@tutanota.com','7(821)623-59-80',2,1,NULL),
	 ('1972-12-04',66,NULL,'HLAFQB','foto19.jpg','Ермаков','Клемент','Проклович','ah91upwo7xfl@mail.com','7(821)007-84-60',2,1,NULL),
	 ('1996-05-11',87,NULL,'nrBfHG','foto20.jpg','Лазарев','Марк','Юлианович','fskhuw2oxgev@outlook.com','7(821)376-94-02',2,1,NULL);
INSERT INTO public.users (date_of_bitrh,id_counrty,id_direction,"password",image,last_name,first_name,patronymic,email,phone_number,id_gender,id_role,id_type_of_events) VALUES
	 ('1989-08-06',45,NULL,'xM5QB5','foto21.jpg','Петров','Геннадий','Даниилович','6opkrq9n87d1@outlook.com','7(821)685-48-91',2,1,NULL),
	 ('1989-04-26',86,NULL,'v5MxkG','foto22.jpg','Субботин','Мартин','Пантелеймонович','epflsy9iobdx@tutanota.com','7(821)149-13-09',2,1,NULL),
	 ('1995-11-09',45,NULL,'8MkKg6','foto23.jpg','Рожков','Демьян','Эдуардович','zy8tom2bxnuk@mail.com','7(821)162-52-21',2,1,NULL),
	 ('1982-10-17',93,NULL,'COZkSO','foto24.jpg','Емельянов','Анатолий','Авксентьевич','kd64ino5fcx3@outlook.com','7(821)976-48-88',2,1,NULL),
	 ('1987-01-29',44,NULL,'GYlXDR','foto25.jpg','Петухов','Алан','Пётрович','i4ex5whc7dqk@gmail.com','7(821)749-53-09',2,1,NULL),
	 ('1993-12-08',20,NULL,'10PHSE','foto26.jpg','Бобров','Марк','Юрьевич','qsnyrwodje0k@outlook.com','7(821)496-70-50',2,1,NULL),
	 ('1999-05-18',73,NULL,'uNRgsg','foto27.jpg','Александров','Варлаам','Робертович','tacixb04vh5g@gmail.com','7(821)137-45-80',2,1,NULL),
	 ('1975-11-30',81,NULL,'9YNtvb','foto28.jpg','Максимов','Егор','Дамирович','96o7iwszty5n@tutanota.com','7(821)579-45-88',2,1,NULL),
	 ('1996-11-15',13,NULL,'4rSPmK','foto29.jpg','Комиссаров','Антон','Протасьевич','yn6pfe4kasbo@outlook.com','7(821)277-58-70',2,1,NULL),
	 ('1975-12-30',61,NULL,'STSVII','foto30.jpg','Мамонтов','Прохор','Созонович','vny26gsmxu9k@tutanota.com','7(821)760-71-19',2,1,NULL);
INSERT INTO public.users (date_of_bitrh,id_counrty,id_direction,"password",image,last_name,first_name,patronymic,email,phone_number,id_gender,id_role,id_type_of_events) VALUES
	 ('1988-07-15',22,NULL,'DsEhqN','foto31.jpg','Баранов','Венедикт','Ефимович','mwlny4zqtc65@outlook.com','7(821)478-05-95',2,1,NULL),
	 ('1978-03-02',82,5,'ugWkzE','foto11.jpg','Одинцов','Дмитрий','Лаврентьевич','oconnell.steve@feest.com','7(186)808-50-25',2,4,NULL),
	 ('1972-09-15',43,5,'TsCX7X','foto12.jpg','Белова','Инга','Прокловна','olson.shanny@gmail.com','7(215)064-59-70',1,4,NULL),
	 ('1950-02-21',36,2,'R2buBG','foto13.jpg','Соловьёва','Аюна','Станиславовна','whirthe@beer.info','7(810)322-94-05',1,4,NULL),
	 ('1950-07-21',75,2,'6Kuk9B','foto14.jpg','Зайцев','Иван','Артемович','rerdman@gmail.com','7(963)659-08-16',2,4,NULL),
	 ('1950-08-19',89,1,'XQZbTX','foto15.jpg','Некрасова','Лаура','Богдановна','pkutch@hotmail.com','7(138)268-54-96',1,4,NULL),
	 ('1963-06-03',24,5,'AA6JS6','foto16.jpg','Брагин','Осип','Владиславович','trace.lindgren@beahan.com','7(276)229-95-45',2,4,NULL),
	 ('1973-07-03',64,5,'j7WWL5','foto17.jpg','Игнатьев','Мирослав','Тарасович','jadon85@gmail.com','7(346)523-76-14',2,4,NULL),
	 ('1952-11-09',75,3,'2QCbSj','foto18.jpg','Матвеева','Вера','Митрофановна','mathilde77@yahoo.com','7(742)194-06-10',1,4,NULL),
	 ('1980-09-24',75,2,'kFwax6','foto19.jpg','Пестова','Ева','Альбертовна','graham.robb@boyer.com','7(089)418-02-33',1,4,NULL);
INSERT INTO public.users (date_of_bitrh,id_counrty,id_direction,"password",image,last_name,first_name,patronymic,email,phone_number,id_gender,id_role,id_type_of_events) VALUES
	 ('1994-09-26',8,3,'SqJHTL','foto20.jpg','Фомичёв','Варлаам','Дмитрьевич','cleveland.hamill@gmail.com','7(097)858-38-14',2,4,NULL),
	 ('-infinity',NULL,NULL,'12345!aA',NULL,'www','www','www','www','PhoneNumber',2,2,1);
